Name,Month,Workers,non-compliant_detected,claims,avg_claim_per_month,avg_workers_per_month,avg_non_compliant_detection_per_month,avg_non_compliant_worker_ratio,avg_claim_avg_non_compliant_detected_ratio
Company 0,1,195.0,8.0,0.0,0.0,187.0,8.0,5.359880992175264,0.0
Company 0,2,191.0,13.0,1.0,0.0,187.0,8.0,5.359880992175264,0.0
Company 0,3,181.0,12.0,0.0,0.0,187.0,8.0,5.359880992175264,0.0
Company 0,4,188.0,12.0,1.0,0.0,187.0,8.0,5.359880992175264,0.0
Company 0,5,196.0,10.0,1.0,0.0,187.0,8.0,5.359880992175264,0.0
Company 0,6,192.0,4.0,0.0,0.0,187.0,8.0,5.359880992175264,0.0
Company 0,7,190.0,4.0,0.0,0.0,187.0,8.0,5.359880992175264,0.0
Company 0,8,190.0,7.0,0.0,0.0,187.0,8.0,5.359880992175264,0.0
Company 0,9,186.0,8.0,1.0,0.0,187.0,8.0,5.359880992175264,0.0
Company 0,10,177.0,6.0,0.0,0.0,187.0,8.0,5.359880992175264,0.0
Company 0,11,175.0,7.0,0.0,0.0,187.0,8.0,5.359880992175264,0.0
Company 0,12,180.0,5.0,0.0,0.0,187.0,8.0,5.359880992175264,0.0
Company 1,1,216.0,19.0,0.0,0.0,221.0,11.0,5.888184652623512,0.0
Company 1,2,218.0,9.0,0.0,0.0,221.0,11.0,5.888184652623512,0.0
Company 1,3,222.0,14.0,0.0,0.0,221.0,11.0,5.888184652623512,0.0
Company 1,4,215.0,10.0,0.0,0.0,221.0,11.0,5.888184652623512,0.0
Company 1,5,219.0,7.0,0.0,0.0,221.0,11.0,5.888184652623512,0.0
Company 1,6,215.0,13.0,2.0,0.0,221.0,11.0,5.888184652623512,0.0
Company 1,7,221.0,6.0,0.0,0.0,221.0,11.0,5.888184652623512,0.0
Company 1,8,223.0,11.0,1.0,0.0,221.0,11.0,5.888184652623512,0.0
Company 1,9,225.0,13.0,0.0,0.0,221.0,11.0,5.888184652623512,0.0
Company 1,10,225.0,10.0,1.0,0.0,221.0,11.0,5.888184652623512,0.0
Company 1,11,227.0,8.0,1.0,0.0,221.0,11.0,5.888184652623512,0.0
Company 1,12,227.0,12.0,0.0,0.0,221.0,11.0,5.888184652623512,0.0
Company 2,1,45.0,6.0,0.0,0.0,45.0,4.0,11.114536838315301,0.0
Company 2,2,46.0,11.0,0.0,0.0,45.0,4.0,11.114536838315301,0.0
Company 2,3,44.0,7.0,0.0,0.0,45.0,4.0,11.114536838315301,0.0
Company 2,4,44.0,4.0,0.0,0.0,45.0,4.0,11.114536838315301,0.0
Company 2,5,44.0,1.0,0.0,0.0,45.0,4.0,11.114536838315301,0.0
Company 2,6,44.0,1.0,0.0,0.0,45.0,4.0,11.114536838315301,0.0
Company 2,7,46.0,5.0,0.0,0.0,45.0,4.0,11.114536838315301,0.0
Company 2,8,48.0,5.0,0.0,0.0,45.0,4.0,11.114536838315301,0.0
Company 2,9,46.0,2.0,0.0,0.0,45.0,4.0,11.114536838315301,0.0
Company 2,10,46.0,4.0,0.0,0.0,45.0,4.0,11.114536838315301,0.0
Company 2,11,45.0,4.0,1.0,0.0,45.0,4.0,11.114536838315301,0.0
Company 2,12,45.0,1.0,0.0,0.0,45.0,4.0,11.114536838315301,0.0
Company 3,1,87.0,7.0,0.0,0.0,84.0,5.0,8.597710785194634,0.0
Company 3,2,90.0,5.0,0.0,0.0,84.0,5.0,8.597710785194634,0.0
Company 3,3,87.0,4.0,1.0,0.0,84.0,5.0,8.597710785194634,0.0
Company 3,4,86.0,5.0,0.0,0.0,84.0,5.0,8.597710785194634,0.0
Company 3,5,83.0,7.0,0.0,0.0,84.0,5.0,8.597710785194634,0.0
Company 3,6,84.0,10.0,0.0,0.0,84.0,5.0,8.597710785194634,0.0
Company 3,7,81.0,5.0,0.0,0.0,84.0,5.0,8.597710785194634,0.0
Company 3,8,81.0,6.0,0.0,0.0,84.0,5.0,8.597710785194634,0.0
Company 3,9,78.0,1.0,0.0,0.0,84.0,5.0,8.597710785194634,0.0
Company 3,10,79.0,3.0,0.0,0.0,84.0,5.0,8.597710785194634,0.0
Company 3,11,82.0,3.0,0.0,0.0,84.0,5.0,8.597710785194634,0.0
Company 3,12,84.0,4.0,0.0,0.0,84.0,5.0,8.597710785194634,0.0
Company 4,1,231.0,12.0,0.0,1.0,247.0,17.0,9.071317915383288,0.05882352941176471
Company 4,2,233.0,13.0,0.0,1.0,247.0,17.0,9.071317915383288,0.05882352941176471
Company 4,3,233.0,15.0,0.0,1.0,247.0,17.0,9.071317915383288,0.05882352941176471
Company 4,4,242.0,21.0,1.0,1.0,247.0,17.0,9.071317915383288,0.05882352941176471
Company 4,5,247.0,19.0,0.0,1.0,247.0,17.0,9.071317915383288,0.05882352941176471
Company 4,6,247.0,16.0,1.0,1.0,247.0,17.0,9.071317915383288,0.05882352941176471
Company 4,7,245.0,19.0,0.0,1.0,247.0,17.0,9.071317915383288,0.05882352941176471
Company 4,8,255.0,13.0,0.0,1.0,247.0,17.0,9.071317915383288,0.05882352941176471
Company 4,9,258.0,27.0,2.0,1.0,247.0,17.0,9.071317915383288,0.05882352941176471
Company 4,10,266.0,17.0,0.0,1.0,247.0,17.0,9.071317915383288,0.05882352941176471
Company 4,11,255.0,19.0,1.0,1.0,247.0,17.0,9.071317915383288,0.05882352941176471
Company 4,12,255.0,18.0,2.0,1.0,247.0,17.0,9.071317915383288,0.05882352941176471
Company 5,1,427.0,5.0,0.0,0.0,456.0,4.0,1.411638621997653,0.0
Company 5,2,427.0,6.0,0.0,0.0,456.0,4.0,1.411638621997653,0.0
Company 5,3,440.0,3.0,0.0,0.0,456.0,4.0,1.411638621997653,0.0
Company 5,4,431.0,9.0,0.0,0.0,456.0,4.0,1.411638621997653,0.0
Company 5,5,440.0,1.0,0.0,0.0,456.0,4.0,1.411638621997653,0.0
Company 5,6,449.0,4.0,0.0,0.0,456.0,4.0,1.411638621997653,0.0
Company 5,7,467.0,3.0,0.0,0.0,456.0,4.0,1.411638621997653,0.0
Company 5,8,462.0,5.0,0.0,0.0,456.0,4.0,1.411638621997653,0.0
Company 5,9,471.0,8.0,1.0,0.0,456.0,4.0,1.411638621997653,0.0
Company 5,10,471.0,4.0,0.0,0.0,456.0,4.0,1.411638621997653,0.0
Company 5,11,490.0,3.0,0.0,0.0,456.0,4.0,1.411638621997653,0.0
Company 5,12,495.0,3.0,1.0,0.0,456.0,4.0,1.411638621997653,0.0
Company 6,1,123.0,17.0,0.0,0.0,110.0,10.0,11.590848381016915,0.0
Company 6,2,119.0,10.0,1.0,0.0,110.0,10.0,11.590848381016915,0.0
Company 6,3,113.0,6.0,0.0,0.0,110.0,10.0,11.590848381016915,0.0
Company 6,4,113.0,8.0,1.0,0.0,110.0,10.0,11.590848381016915,0.0
Company 6,5,111.0,16.0,0.0,0.0,110.0,10.0,11.590848381016915,0.0
Company 6,6,105.0,12.0,2.0,0.0,110.0,10.0,11.590848381016915,0.0
Company 6,7,105.0,5.0,1.0,0.0,110.0,10.0,11.590848381016915,0.0
Company 6,8,107.0,14.0,0.0,0.0,110.0,10.0,11.590848381016915,0.0
Company 6,9,103.0,9.0,0.0,0.0,110.0,10.0,11.590848381016915,0.0
Company 6,10,106.0,9.0,0.0,0.0,110.0,10.0,11.590848381016915,0.0
Company 6,11,105.0,7.0,1.0,0.0,110.0,10.0,11.590848381016915,0.0
Company 6,12,109.0,12.0,0.0,0.0,110.0,10.0,11.590848381016915,0.0
Company 7,1,368.0,17.0,0.0,0.0,337.0,10.0,4.4986970545410445,0.0
Company 7,2,350.0,11.0,0.0,0.0,337.0,10.0,4.4986970545410445,0.0
Company 7,3,340.0,10.0,0.0,0.0,337.0,10.0,4.4986970545410445,0.0
Company 7,4,323.0,8.0,0.0,0.0,337.0,10.0,4.4986970545410445,0.0
Company 7,5,329.0,6.0,0.0,0.0,337.0,10.0,4.4986970545410445,0.0
Company 7,6,332.0,14.0,2.0,0.0,337.0,10.0,4.4986970545410445,0.0
Company 7,7,322.0,7.0,0.0,0.0,337.0,10.0,4.4986970545410445,0.0
Company 7,8,335.0,5.0,0.0,0.0,337.0,10.0,4.4986970545410445,0.0
Company 7,9,348.0,18.0,1.0,0.0,337.0,10.0,4.4986970545410445,0.0
Company 7,10,348.0,12.0,0.0,0.0,337.0,10.0,4.4986970545410445,0.0
Company 7,11,334.0,11.0,0.0,0.0,337.0,10.0,4.4986970545410445,0.0
Company 7,12,317.0,7.0,0.0,0.0,337.0,10.0,4.4986970545410445,0.0
Company 8,1,205.0,0.0,0.0,0.0,185.0,0.0,0.0,
Company 8,2,195.0,0.0,0.0,0.0,185.0,0.0,0.0,
Company 8,3,203.0,0.0,0.0,0.0,185.0,0.0,0.0,
Company 8,4,195.0,0.0,0.0,0.0,185.0,0.0,0.0,
Company 8,5,187.0,0.0,0.0,0.0,185.0,0.0,0.0,
Company 8,6,187.0,0.0,0.0,0.0,185.0,0.0,0.0,
Company 8,7,183.0,0.0,0.0,0.0,185.0,0.0,0.0,
Company 8,8,178.0,0.0,0.0,0.0,185.0,0.0,0.0,
Company 8,9,169.0,0.0,0.0,0.0,185.0,0.0,0.0,
Company 8,10,167.0,0.0,0.0,0.0,185.0,0.0,0.0,
Company 8,11,172.0,0.0,0.0,0.0,185.0,0.0,0.0,
Company 8,12,175.0,0.0,0.0,0.0,185.0,0.0,0.0,
Company 9,1,418.0,23.0,0.0,1.0,395.0,19.0,5.532298987168163,0.05263157894736842
Company 9,2,401.0,14.0,1.0,1.0,395.0,19.0,5.532298987168163,0.05263157894736842
Company 9,3,397.0,23.0,0.0,1.0,395.0,19.0,5.532298987168163,0.05263157894736842
Company 9,4,413.0,19.0,1.0,1.0,395.0,19.0,5.532298987168163,0.05263157894736842
Company 9,5,405.0,27.0,0.0,1.0,395.0,19.0,5.532298987168163,0.05263157894736842
Company 9,6,409.0,22.0,1.0,1.0,395.0,19.0,5.532298987168163,0.05263157894736842
Company 9,7,417.0,23.0,2.0,1.0,395.0,19.0,5.532298987168163,0.05263157894736842
Company 9,8,400.0,21.0,0.0,1.0,395.0,19.0,5.532298987168163,0.05263157894736842
Company 9,9,380.0,15.0,1.0,1.0,395.0,19.0,5.532298987168163,0.05263157894736842
Company 9,10,369.0,15.0,0.0,1.0,395.0,19.0,5.532298987168163,0.05263157894736842
Company 9,11,376.0,16.0,1.0,1.0,395.0,19.0,5.532298987168163,0.05263157894736842
Company 9,12,357.0,10.0,0.0,1.0,395.0,19.0,5.532298987168163,0.05263157894736842
Company 10,1,43.0,4.0,0.0,0.0,41.0,3.0,9.687984963344643,0.0
Company 10,2,41.0,3.0,0.0,0.0,41.0,3.0,9.687984963344643,0.0
Company 10,3,43.0,1.0,0.0,0.0,41.0,3.0,9.687984963344643,0.0
Company 10,4,44.0,6.0,0.0,0.0,41.0,3.0,9.687984963344643,0.0
Company 10,5,43.0,4.0,0.0,0.0,41.0,3.0,9.687984963344643,0.0
Company 10,6,41.0,0.0,0.0,0.0,41.0,3.0,9.687984963344643,0.0
Company 10,7,41.0,1.0,0.0,0.0,41.0,3.0,9.687984963344643,0.0
Company 10,8,41.0,6.0,1.0,0.0,41.0,3.0,9.687984963344643,0.0
Company 10,9,39.0,3.0,0.0,0.0,41.0,3.0,9.687984963344643,0.0
Company 10,10,41.0,2.0,0.0,0.0,41.0,3.0,9.687984963344643,0.0
Company 10,11,39.0,4.0,0.0,0.0,41.0,3.0,9.687984963344643,0.0
Company 10,12,40.0,3.0,0.0,0.0,41.0,3.0,9.687984963344643,0.0
Company 11,1,92.0,9.0,0.0,0.0,84.0,11.0,16.388504034705605,0.0
Company 11,2,91.0,15.0,0.0,0.0,84.0,11.0,16.388504034705605,0.0
Company 11,3,91.0,16.0,1.0,0.0,84.0,11.0,16.388504034705605,0.0
Company 11,4,87.0,12.0,0.0,0.0,84.0,11.0,16.388504034705605,0.0
Company 11,5,86.0,22.0,1.0,0.0,84.0,11.0,16.388504034705605,0.0
Company 11,6,82.0,10.0,0.0,0.0,84.0,11.0,16.388504034705605,0.0
Company 11,7,84.0,9.0,0.0,0.0,84.0,11.0,16.388504034705605,0.0
Company 11,8,81.0,7.0,0.0,0.0,84.0,11.0,16.388504034705605,0.0
Company 11,9,77.0,11.0,1.0,0.0,84.0,11.0,16.388504034705605,0.0
Company 11,10,75.0,10.0,1.0,0.0,84.0,11.0,16.388504034705605,0.0
Company 11,11,78.0,8.0,0.0,0.0,84.0,11.0,16.388504034705605,0.0
Company 11,12,80.0,3.0,0.0,0.0,84.0,11.0,16.388504034705605,0.0
Company 12,1,365.0,26.0,0.0,0.0,322.0,17.0,6.508694302950964,0.0
Company 12,2,358.0,19.0,0.0,0.0,322.0,17.0,6.508694302950964,0.0
Company 12,3,365.0,19.0,0.0,0.0,322.0,17.0,6.508694302950964,0.0
Company 12,4,350.0,19.0,1.0,0.0,322.0,17.0,6.508694302950964,0.0
Company 12,5,332.0,17.0,1.0,0.0,322.0,17.0,6.508694302950964,0.0
Company 12,6,319.0,19.0,1.0,0.0,322.0,17.0,6.508694302950964,0.0
Company 12,7,316.0,14.0,0.0,0.0,322.0,17.0,6.508694302950964,0.0
Company 12,8,319.0,19.0,0.0,0.0,322.0,17.0,6.508694302950964,0.0
Company 12,9,306.0,12.0,0.0,0.0,322.0,17.0,6.508694302950964,0.0
Company 12,10,291.0,10.0,0.0,0.0,322.0,17.0,6.508694302950964,0.0
Company 12,11,279.0,13.0,0.0,0.0,322.0,17.0,6.508694302950964,0.0
Company 12,12,265.0,13.0,0.0,0.0,322.0,17.0,6.508694302950964,0.0
Company 13,1,386.0,12.0,0.0,0.0,372.0,7.0,2.6808735680316964,0.0
Company 13,2,371.0,7.0,0.0,0.0,372.0,7.0,2.6808735680316964,0.0
Company 13,3,382.0,6.0,0.0,0.0,372.0,7.0,2.6808735680316964,0.0
Company 13,4,378.0,8.0,0.0,0.0,372.0,7.0,2.6808735680316964,0.0
Company 13,5,363.0,8.0,1.0,0.0,372.0,7.0,2.6808735680316964,0.0
Company 13,6,367.0,4.0,0.0,0.0,372.0,7.0,2.6808735680316964,0.0
Company 13,7,378.0,4.0,0.0,0.0,372.0,7.0,2.6808735680316964,0.0
Company 13,8,378.0,6.0,0.0,0.0,372.0,7.0,2.6808735680316964,0.0
Company 13,9,367.0,11.0,0.0,0.0,372.0,7.0,2.6808735680316964,0.0
Company 13,10,363.0,8.0,0.0,0.0,372.0,7.0,2.6808735680316964,0.0
Company 13,11,370.0,9.0,0.0,0.0,372.0,7.0,2.6808735680316964,0.0
Company 13,12,366.0,4.0,0.0,0.0,372.0,7.0,2.6808735680316964,0.0
Company 14,1,62.0,13.0,2.0,1.0,60.0,10.0,16.493894435136667,0.1
Company 14,2,60.0,12.0,0.0,1.0,60.0,10.0,16.493894435136667,0.1
Company 14,3,58.0,10.0,0.0,1.0,60.0,10.0,16.493894435136667,0.1
Company 14,4,60.0,17.0,1.0,1.0,60.0,10.0,16.493894435136667,0.1
Company 14,5,60.0,9.0,1.0,1.0,60.0,10.0,16.493894435136667,0.1
Company 14,6,58.0,9.0,0.0,1.0,60.0,10.0,16.493894435136667,0.1
Company 14,7,60.0,9.0,0.0,1.0,60.0,10.0,16.493894435136667,0.1
Company 14,8,61.0,9.0,2.0,1.0,60.0,10.0,16.493894435136667,0.1
Company 14,9,59.0,9.0,0.0,1.0,60.0,10.0,16.493894435136667,0.1
Company 14,10,59.0,9.0,1.0,1.0,60.0,10.0,16.493894435136667,0.1
Company 14,11,60.0,10.0,1.0,1.0,60.0,10.0,16.493894435136667,0.1
Company 14,12,61.0,6.0,0.0,1.0,60.0,10.0,16.493894435136667,0.1
Company 15,1,238.0,13.0,1.0,1.0,232.0,14.0,8.640951792234532,0.07142857142857142
Company 15,2,238.0,23.0,0.0,1.0,232.0,14.0,8.640951792234532,0.07142857142857142
Company 15,3,238.0,20.0,1.0,1.0,232.0,14.0,8.640951792234532,0.07142857142857142
Company 15,4,240.0,16.0,0.0,1.0,232.0,14.0,8.640951792234532,0.07142857142857142
Company 15,5,228.0,17.0,0.0,1.0,232.0,14.0,8.640951792234532,0.07142857142857142
Company 15,6,230.0,14.0,0.0,1.0,232.0,14.0,8.640951792234532,0.07142857142857142
Company 15,7,228.0,10.0,2.0,1.0,232.0,14.0,8.640951792234532,0.07142857142857142
Company 15,8,230.0,13.0,0.0,1.0,232.0,14.0,8.640951792234532,0.07142857142857142
Company 15,9,223.0,9.0,1.0,1.0,232.0,14.0,8.640951792234532,0.07142857142857142
Company 15,10,225.0,15.0,1.0,1.0,232.0,14.0,8.640951792234532,0.07142857142857142
Company 15,11,232.0,13.0,0.0,1.0,232.0,14.0,8.640951792234532,0.07142857142857142
Company 15,12,237.0,5.0,1.0,1.0,232.0,14.0,8.640951792234532,0.07142857142857142
Company 16,1,412.0,27.0,2.0,0.0,418.0,20.0,6.955309466086608,0.0
Company 16,2,391.0,23.0,0.0,0.0,418.0,20.0,6.955309466086608,0.0
Company 16,3,391.0,21.0,0.0,0.0,418.0,20.0,6.955309466086608,0.0
Company 16,4,403.0,23.0,0.0,0.0,418.0,20.0,6.955309466086608,0.0
Company 16,5,419.0,22.0,0.0,0.0,418.0,20.0,6.955309466086608,0.0
Company 16,6,427.0,21.0,0.0,0.0,418.0,20.0,6.955309466086608,0.0
Company 16,7,436.0,30.0,0.0,0.0,418.0,20.0,6.955309466086608,0.0
Company 16,8,440.0,17.0,0.0,0.0,418.0,20.0,6.955309466086608,0.0
Company 16,9,427.0,11.0,0.0,0.0,418.0,20.0,6.955309466086608,0.0
Company 16,10,427.0,13.0,1.0,0.0,418.0,20.0,6.955309466086608,0.0
Company 16,11,431.0,20.0,0.0,0.0,418.0,20.0,6.955309466086608,0.0
Company 16,12,414.0,17.0,0.0,0.0,418.0,20.0,6.955309466086608,0.0
Company 17,1,187.0,6.0,0.0,0.0,177.0,6.0,3.696052242523554,0.0
Company 17,2,194.0,6.0,1.0,0.0,177.0,6.0,3.696052242523554,0.0
Company 17,3,190.0,9.0,0.0,0.0,177.0,6.0,3.696052242523554,0.0
Company 17,4,188.0,8.0,0.0,0.0,177.0,6.0,3.696052242523554,0.0
Company 17,5,179.0,6.0,0.0,0.0,177.0,6.0,3.696052242523554,0.0
Company 17,6,175.0,1.0,0.0,0.0,177.0,6.0,3.696052242523554,0.0
Company 17,7,175.0,5.0,0.0,0.0,177.0,6.0,3.696052242523554,0.0
Company 17,8,177.0,2.0,0.0,0.0,177.0,6.0,3.696052242523554,0.0
Company 17,9,175.0,6.0,0.0,0.0,177.0,6.0,3.696052242523554,0.0
Company 17,10,166.0,8.0,0.0,0.0,177.0,6.0,3.696052242523554,0.0
Company 17,11,164.0,5.0,0.0,0.0,177.0,6.0,3.696052242523554,0.0
Company 17,12,157.0,4.0,0.0,0.0,177.0,6.0,3.696052242523554,0.0
Company 18,1,88.0,1.0,0.0,0.0,89.0,2.0,3.984088031765205,0.0
Company 18,2,88.0,4.0,0.0,0.0,89.0,2.0,3.984088031765205,0.0
Company 18,3,85.0,3.0,0.0,0.0,89.0,2.0,3.984088031765205,0.0
Company 18,4,84.0,1.0,0.0,0.0,89.0,2.0,3.984088031765205,0.0
Company 18,5,87.0,2.0,0.0,0.0,89.0,2.0,3.984088031765205,0.0
Company 18,6,89.0,5.0,1.0,0.0,89.0,2.0,3.984088031765205,0.0
Company 18,7,89.0,6.0,1.0,0.0,89.0,2.0,3.984088031765205,0.0
Company 18,8,91.0,1.0,0.0,0.0,89.0,2.0,3.984088031765205,0.0
Company 18,9,91.0,2.0,0.0,0.0,89.0,2.0,3.984088031765205,0.0
Company 18,10,89.0,2.0,0.0,0.0,89.0,2.0,3.984088031765205,0.0
Company 18,11,91.0,1.0,0.0,0.0,89.0,2.0,3.984088031765205,0.0
Company 18,12,92.0,2.0,0.0,0.0,89.0,2.0,3.984088031765205,0.0
Company 19,1,452.0,58.0,0.0,2.0,403.0,44.0,13.914690703130514,0.045454545454545456
Company 19,2,438.0,51.0,1.0,2.0,403.0,44.0,13.914690703130514,0.045454545454545456
Company 19,3,429.0,53.0,3.0,2.0,403.0,44.0,13.914690703130514,0.045454545454545456
Company 19,4,412.0,54.0,0.0,2.0,403.0,44.0,13.914690703130514,0.045454545454545456
Company 19,5,396.0,36.0,2.0,2.0,403.0,44.0,13.914690703130514,0.045454545454545456
Company 19,6,408.0,45.0,2.0,2.0,403.0,44.0,13.914690703130514,0.045454545454545456
Company 19,7,404.0,37.0,4.0,2.0,403.0,44.0,13.914690703130514,0.045454545454545456
Company 19,8,392.0,45.0,3.0,2.0,403.0,44.0,13.914690703130514,0.045454545454545456
Company 19,9,376.0,38.0,0.0,2.0,403.0,44.0,13.914690703130514,0.045454545454545456
Company 19,10,384.0,36.0,1.0,2.0,403.0,44.0,13.914690703130514,0.045454545454545456
Company 19,11,365.0,32.0,0.0,2.0,403.0,44.0,13.914690703130514,0.045454545454545456
Company 19,12,376.0,41.0,4.0,2.0,403.0,44.0,13.914690703130514,0.045454545454545456
Company 20,1,403.0,32.0,0.0,0.0,361.0,19.0,6.917236799152052,0.0
Company 20,2,415.0,23.0,0.0,0.0,361.0,19.0,6.917236799152052,0.0
Company 20,3,398.0,28.0,1.0,0.0,361.0,19.0,6.917236799152052,0.0
Company 20,4,386.0,22.0,1.0,0.0,361.0,19.0,6.917236799152052,0.0
Company 20,5,378.0,16.0,0.0,0.0,361.0,19.0,6.917236799152052,0.0
Company 20,6,359.0,11.0,0.0,0.0,361.0,19.0,6.917236799152052,0.0
Company 20,7,345.0,21.0,0.0,0.0,361.0,19.0,6.917236799152052,0.0
Company 20,8,331.0,20.0,0.0,0.0,361.0,19.0,6.917236799152052,0.0
Company 20,9,331.0,8.0,0.0,0.0,361.0,19.0,6.917236799152052,0.0
Company 20,10,331.0,7.0,0.0,0.0,361.0,19.0,6.917236799152052,0.0
Company 20,11,334.0,22.0,0.0,0.0,361.0,19.0,6.917236799152052,0.0
Company 20,12,317.0,18.0,1.0,0.0,361.0,19.0,6.917236799152052,0.0
Company 21,1,411.0,27.0,2.0,1.0,399.0,18.0,5.8487647929585815,0.05555555555555555
Company 21,2,427.0,23.0,0.0,1.0,399.0,18.0,5.8487647929585815,0.05555555555555555
Company 21,3,418.0,17.0,2.0,1.0,399.0,18.0,5.8487647929585815,0.05555555555555555
Company 21,4,405.0,14.0,1.0,1.0,399.0,18.0,5.8487647929585815,0.05555555555555555
Company 21,5,401.0,20.0,3.0,1.0,399.0,18.0,5.8487647929585815,0.05555555555555555
Company 21,6,389.0,16.0,2.0,1.0,399.0,18.0,5.8487647929585815,0.05555555555555555
Company 21,7,401.0,17.0,0.0,1.0,399.0,18.0,5.8487647929585815,0.05555555555555555
Company 21,8,397.0,18.0,1.0,1.0,399.0,18.0,5.8487647929585815,0.05555555555555555
Company 21,9,413.0,19.0,1.0,1.0,399.0,18.0,5.8487647929585815,0.05555555555555555
Company 21,10,392.0,22.0,0.0,1.0,399.0,18.0,5.8487647929585815,0.05555555555555555
Company 21,11,372.0,12.0,0.0,1.0,399.0,18.0,5.8487647929585815,0.05555555555555555
Company 21,12,361.0,14.0,0.0,1.0,399.0,18.0,5.8487647929585815,0.05555555555555555
Company 22,1,448.0,26.0,0.0,0.0,476.0,22.0,5.9603488704207015,0.0
Company 22,2,452.0,28.0,0.0,0.0,476.0,22.0,5.9603488704207015,0.0
Company 22,3,443.0,21.0,0.0,0.0,476.0,22.0,5.9603488704207015,0.0
Company 22,4,461.0,18.0,0.0,0.0,476.0,22.0,5.9603488704207015,0.0
Company 22,5,461.0,36.0,1.0,0.0,476.0,22.0,5.9603488704207015,0.0
Company 22,6,456.0,25.0,0.0,0.0,476.0,22.0,5.9603488704207015,0.0
Company 22,7,461.0,21.0,0.0,0.0,476.0,22.0,5.9603488704207015,0.0
Company 22,8,479.0,19.0,0.0,0.0,476.0,22.0,5.9603488704207015,0.0
Company 22,9,498.0,22.0,1.0,0.0,476.0,22.0,5.9603488704207015,0.0
Company 22,10,518.0,20.0,1.0,0.0,476.0,22.0,5.9603488704207015,0.0
Company 22,11,513.0,12.0,1.0,0.0,476.0,22.0,5.9603488704207015,0.0
Company 22,12,528.0,12.0,0.0,0.0,476.0,22.0,5.9603488704207015,0.0
Company 23,1,20.0,0.0,0.0,0.0,19.0,2.0,14.271463252380107,0.0
Company 23,2,19.0,3.0,0.0,0.0,19.0,2.0,14.271463252380107,0.0
Company 23,3,19.0,1.0,0.0,0.0,19.0,2.0,14.271463252380107,0.0
Company 23,4,19.0,2.0,2.0,0.0,19.0,2.0,14.271463252380107,0.0
Company 23,5,19.0,3.0,0.0,0.0,19.0,2.0,14.271463252380107,0.0
Company 23,6,19.0,2.0,0.0,0.0,19.0,2.0,14.271463252380107,0.0
Company 23,7,19.0,0.0,0.0,0.0,19.0,2.0,14.271463252380107,0.0
Company 23,8,18.0,1.0,0.0,0.0,19.0,2.0,14.271463252380107,0.0
Company 23,9,18.0,1.0,0.0,0.0,19.0,2.0,14.271463252380107,0.0
Company 23,10,18.0,2.0,0.0,0.0,19.0,2.0,14.271463252380107,0.0
Company 23,11,18.0,1.0,0.0,0.0,19.0,2.0,14.271463252380107,0.0
Company 23,12,17.0,3.0,0.0,0.0,19.0,2.0,14.271463252380107,0.0
Company 24,1,95.0,1.0,0.0,0.0,99.0,4.0,5.642345286547033,0.0
Company 24,2,95.0,5.0,0.0,0.0,99.0,4.0,5.642345286547033,0.0
Company 24,3,99.0,4.0,0.0,0.0,99.0,4.0,5.642345286547033,0.0
Company 24,4,101.0,4.0,0.0,0.0,99.0,4.0,5.642345286547033,0.0
Company 24,5,101.0,4.0,0.0,0.0,99.0,4.0,5.642345286547033,0.0
Company 24,6,104.0,7.0,0.0,0.0,99.0,4.0,5.642345286547033,0.0
Company 24,7,104.0,4.0,0.0,0.0,99.0,4.0,5.642345286547033,0.0
Company 24,8,101.0,6.0,0.0,0.0,99.0,4.0,5.642345286547033,0.0
Company 24,9,96.0,4.0,0.0,0.0,99.0,4.0,5.642345286547033,0.0
Company 24,10,100.0,4.0,0.0,0.0,99.0,4.0,5.642345286547033,0.0
Company 24,11,98.0,1.0,0.0,0.0,99.0,4.0,5.642345286547033,0.0
Company 24,12,95.0,3.0,0.0,0.0,99.0,4.0,5.642345286547033,0.0
Company 25,1,331.0,32.0,3.0,1.0,315.0,26.0,10.512638392941616,0.038461538461538464
Company 25,2,321.0,34.0,3.0,1.0,315.0,26.0,10.512638392941616,0.038461538461538464
Company 25,3,318.0,35.0,4.0,1.0,315.0,26.0,10.512638392941616,0.038461538461538464
Company 25,4,312.0,36.0,1.0,1.0,315.0,26.0,10.512638392941616,0.038461538461538464
Company 25,5,309.0,24.0,0.0,1.0,315.0,26.0,10.512638392941616,0.038461538461538464
Company 25,6,318.0,18.0,0.0,1.0,315.0,26.0,10.512638392941616,0.038461538461538464
Company 25,7,324.0,38.0,1.0,1.0,315.0,26.0,10.512638392941616,0.038461538461538464
Company 25,8,308.0,19.0,0.0,1.0,315.0,26.0,10.512638392941616,0.038461538461538464
Company 25,9,299.0,23.0,1.0,1.0,315.0,26.0,10.512638392941616,0.038461538461538464
Company 25,10,305.0,15.0,0.0,1.0,315.0,26.0,10.512638392941616,0.038461538461538464
Company 25,11,314.0,21.0,0.0,1.0,315.0,26.0,10.512638392941616,0.038461538461538464
Company 25,12,323.0,17.0,0.0,1.0,315.0,26.0,10.512638392941616,0.038461538461538464
Company 26,1,270.0,28.0,0.0,0.0,245.0,16.0,9.064567599062986,0.0
Company 26,2,267.0,20.0,0.0,0.0,245.0,16.0,9.064567599062986,0.0
Company 26,3,254.0,20.0,0.0,0.0,245.0,16.0,9.064567599062986,0.0
Company 26,4,251.0,22.0,0.0,0.0,245.0,16.0,9.064567599062986,0.0
Company 26,5,241.0,11.0,0.0,0.0,245.0,16.0,9.064567599062986,0.0
Company 26,6,246.0,8.0,0.0,0.0,245.0,16.0,9.064567599062986,0.0
Company 26,7,244.0,16.0,1.0,0.0,245.0,16.0,9.064567599062986,0.0
Company 26,8,254.0,9.0,0.0,0.0,245.0,16.0,9.064567599062986,0.0
Company 26,9,241.0,7.0,1.0,0.0,245.0,16.0,9.064567599062986,0.0
Company 26,10,231.0,22.0,1.0,0.0,245.0,16.0,9.064567599062986,0.0
Company 26,11,219.0,16.0,0.0,0.0,245.0,16.0,9.064567599062986,0.0
Company 26,12,221.0,13.0,1.0,0.0,245.0,16.0,9.064567599062986,0.0
Company 27,1,26.0,1.0,0.0,0.0,22.0,2.0,8.957063466881966,0.0
Company 27,2,25.0,1.0,0.0,0.0,22.0,2.0,8.957063466881966,0.0
Company 27,3,24.0,0.0,0.0,0.0,22.0,2.0,8.957063466881966,0.0
Company 27,4,23.0,2.0,0.0,0.0,22.0,2.0,8.957063466881966,0.0
Company 27,5,23.0,2.0,0.0,0.0,22.0,2.0,8.957063466881966,0.0
Company 27,6,23.0,5.0,0.0,0.0,22.0,2.0,8.957063466881966,0.0
Company 27,7,22.0,3.0,0.0,0.0,22.0,2.0,8.957063466881966,0.0
Company 27,8,21.0,1.0,0.0,0.0,22.0,2.0,8.957063466881966,0.0
Company 27,9,20.0,1.0,0.0,0.0,22.0,2.0,8.957063466881966,0.0
Company 27,10,19.0,1.0,0.0,0.0,22.0,2.0,8.957063466881966,0.0
Company 27,11,19.0,0.0,0.0,0.0,22.0,2.0,8.957063466881966,0.0
Company 27,12,19.0,2.0,0.0,0.0,22.0,2.0,8.957063466881966,0.0
Company 28,1,295.0,10.0,0.0,0.0,313.0,11.0,4.490994891798998,0.0
Company 28,2,298.0,10.0,0.0,0.0,313.0,11.0,4.490994891798998,0.0
Company 28,3,310.0,10.0,0.0,0.0,313.0,11.0,4.490994891798998,0.0
Company 28,4,304.0,12.0,1.0,0.0,313.0,11.0,4.490994891798998,0.0
Company 28,5,304.0,10.0,0.0,0.0,313.0,11.0,4.490994891798998,0.0
Company 28,6,307.0,16.0,2.0,0.0,313.0,11.0,4.490994891798998,0.0
Company 28,7,316.0,12.0,2.0,0.0,313.0,11.0,4.490994891798998,0.0
Company 28,8,319.0,9.0,0.0,0.0,313.0,11.0,4.490994891798998,0.0
Company 28,9,325.0,15.0,1.0,0.0,313.0,11.0,4.490994891798998,0.0
Company 28,10,318.0,12.0,0.0,0.0,313.0,11.0,4.490994891798998,0.0
Company 28,11,328.0,11.0,0.0,0.0,313.0,11.0,4.490994891798998,0.0
Company 28,12,328.0,5.0,0.0,0.0,313.0,11.0,4.490994891798998,0.0
Company 29,1,464.0,52.0,0.0,1.0,472.0,39.0,10.634216951895533,0.02564102564102564
Company 29,2,469.0,58.0,2.0,1.0,472.0,39.0,10.634216951895533,0.02564102564102564
Company 29,3,464.0,41.0,3.0,1.0,472.0,39.0,10.634216951895533,0.02564102564102564
Company 29,4,450.0,34.0,2.0,1.0,472.0,39.0,10.634216951895533,0.02564102564102564
Company 29,5,459.0,39.0,0.0,1.0,472.0,39.0,10.634216951895533,0.02564102564102564
Company 29,6,477.0,41.0,0.0,1.0,472.0,39.0,10.634216951895533,0.02564102564102564
Company 29,7,482.0,39.0,0.0,1.0,472.0,39.0,10.634216951895533,0.02564102564102564
Company 29,8,496.0,40.0,0.0,1.0,472.0,39.0,10.634216951895533,0.02564102564102564
Company 29,9,501.0,47.0,1.0,1.0,472.0,39.0,10.634216951895533,0.02564102564102564
Company 29,10,481.0,25.0,0.0,1.0,472.0,39.0,10.634216951895533,0.02564102564102564
Company 29,11,457.0,37.0,0.0,1.0,472.0,39.0,10.634216951895533,0.02564102564102564
Company 29,12,466.0,20.0,1.0,1.0,472.0,39.0,10.634216951895533,0.02564102564102564
Company 30,1,64.0,9.0,0.0,0.0,64.0,7.0,14.434528061641734,0.0
Company 30,2,65.0,8.0,1.0,0.0,64.0,7.0,14.434528061641734,0.0
Company 30,3,67.0,8.0,1.0,0.0,64.0,7.0,14.434528061641734,0.0
Company 30,4,67.0,7.0,0.0,0.0,64.0,7.0,14.434528061641734,0.0
Company 30,5,66.0,6.0,0.0,0.0,64.0,7.0,14.434528061641734,0.0
Company 30,6,65.0,8.0,1.0,0.0,64.0,7.0,14.434528061641734,0.0
Company 30,7,62.0,10.0,0.0,0.0,64.0,7.0,14.434528061641734,0.0
Company 30,8,63.0,5.0,0.0,0.0,64.0,7.0,14.434528061641734,0.0
Company 30,9,62.0,5.0,0.0,0.0,64.0,7.0,14.434528061641734,0.0
Company 30,10,59.0,6.0,0.0,0.0,64.0,7.0,14.434528061641734,0.0
Company 30,11,61.0,5.0,0.0,0.0,64.0,7.0,14.434528061641734,0.0
Company 30,12,61.0,7.0,0.0,0.0,64.0,7.0,14.434528061641734,0.0
Company 31,1,211.0,26.0,1.0,0.0,202.0,15.0,7.791265498646977,0.0
Company 31,2,200.0,18.0,0.0,0.0,202.0,15.0,7.791265498646977,0.0
Company 31,3,204.0,22.0,1.0,0.0,202.0,15.0,7.791265498646977,0.0
Company 31,4,204.0,16.0,1.0,0.0,202.0,15.0,7.791265498646977,0.0
Company 31,5,196.0,18.0,0.0,0.0,202.0,15.0,7.791265498646977,0.0
Company 31,6,196.0,13.0,1.0,0.0,202.0,15.0,7.791265498646977,0.0
Company 31,7,204.0,9.0,0.0,0.0,202.0,15.0,7.791265498646977,0.0
Company 31,8,202.0,11.0,1.0,0.0,202.0,15.0,7.791265498646977,0.0
Company 31,9,194.0,10.0,0.0,0.0,202.0,15.0,7.791265498646977,0.0
Company 31,10,202.0,7.0,1.0,0.0,202.0,15.0,7.791265498646977,0.0
Company 31,11,204.0,13.0,0.0,0.0,202.0,15.0,7.791265498646977,0.0
Company 31,12,204.0,13.0,0.0,0.0,202.0,15.0,7.791265498646977,0.0
Company 32,1,345.0,15.0,1.0,0.0,353.0,12.0,4.321016942360419,0.0
Company 32,2,348.0,11.0,0.0,0.0,353.0,12.0,4.321016942360419,0.0
Company 32,3,358.0,15.0,1.0,0.0,353.0,12.0,4.321016942360419,0.0
Company 32,4,358.0,13.0,0.0,0.0,353.0,12.0,4.321016942360419,0.0
Company 32,5,372.0,16.0,2.0,0.0,353.0,12.0,4.321016942360419,0.0
Company 32,6,368.0,9.0,0.0,0.0,353.0,12.0,4.321016942360419,0.0
Company 32,7,372.0,10.0,1.0,0.0,353.0,12.0,4.321016942360419,0.0
Company 32,8,353.0,10.0,0.0,0.0,353.0,12.0,4.321016942360419,0.0
Company 32,9,357.0,9.0,0.0,0.0,353.0,12.0,4.321016942360419,0.0
Company 32,10,346.0,9.0,0.0,0.0,353.0,12.0,4.321016942360419,0.0
Company 32,11,339.0,13.0,0.0,0.0,353.0,12.0,4.321016942360419,0.0
Company 32,12,325.0,8.0,1.0,0.0,353.0,12.0,4.321016942360419,0.0
Company 33,1,332.0,10.0,0.0,0.0,311.0,7.0,2.8345052603594123,0.0
Company 33,2,335.0,7.0,0.0,0.0,311.0,7.0,2.8345052603594123,0.0
Company 33,3,342.0,9.0,0.0,0.0,311.0,7.0,2.8345052603594123,0.0
Company 33,4,325.0,9.0,0.0,0.0,311.0,7.0,2.8345052603594123,0.0
Company 33,5,309.0,9.0,0.0,0.0,311.0,7.0,2.8345052603594123,0.0
Company 33,6,306.0,5.0,0.0,0.0,311.0,7.0,2.8345052603594123,0.0
Company 33,7,312.0,13.0,0.0,0.0,311.0,7.0,2.8345052603594123,0.0
Company 33,8,296.0,11.0,0.0,0.0,311.0,7.0,2.8345052603594123,0.0
Company 33,9,287.0,2.0,0.0,0.0,311.0,7.0,2.8345052603594123,0.0
Company 33,10,298.0,8.0,1.0,0.0,311.0,7.0,2.8345052603594123,0.0
Company 33,11,301.0,5.0,1.0,0.0,311.0,7.0,2.8345052603594123,0.0
Company 33,12,289.0,0.0,0.0,0.0,311.0,7.0,2.8345052603594123,0.0
Company 34,1,172.0,13.0,1.0,0.0,172.0,13.0,8.762870040250393,0.0
Company 34,2,167.0,14.0,0.0,0.0,172.0,13.0,8.762870040250393,0.0
Company 34,3,162.0,18.0,0.0,0.0,172.0,13.0,8.762870040250393,0.0
Company 34,4,167.0,17.0,0.0,0.0,172.0,13.0,8.762870040250393,0.0
Company 34,5,174.0,10.0,0.0,0.0,172.0,13.0,8.762870040250393,0.0
Company 34,6,177.0,14.0,0.0,0.0,172.0,13.0,8.762870040250393,0.0
Company 34,7,172.0,16.0,0.0,0.0,172.0,13.0,8.762870040250393,0.0
Company 34,8,170.0,12.0,0.0,0.0,172.0,13.0,8.762870040250393,0.0
Company 34,9,173.0,7.0,0.0,0.0,172.0,13.0,8.762870040250393,0.0
Company 34,10,176.0,11.0,2.0,0.0,172.0,13.0,8.762870040250393,0.0
Company 34,11,183.0,10.0,0.0,0.0,172.0,13.0,8.762870040250393,0.0
Company 34,12,176.0,9.0,2.0,0.0,172.0,13.0,8.762870040250393,0.0
Company 35,1,203.0,14.0,0.0,0.0,192.0,12.0,6.9120637986190605,0.0
Company 35,2,193.0,11.0,0.0,0.0,192.0,12.0,6.9120637986190605,0.0
Company 35,3,185.0,10.0,0.0,0.0,192.0,12.0,6.9120637986190605,0.0
Company 35,4,191.0,17.0,0.0,0.0,192.0,12.0,6.9120637986190605,0.0
Company 35,5,195.0,15.0,1.0,0.0,192.0,12.0,6.9120637986190605,0.0
Company 35,6,193.0,19.0,0.0,0.0,192.0,12.0,6.9120637986190605,0.0
Company 35,7,195.0,16.0,0.0,0.0,192.0,12.0,6.9120637986190605,0.0
Company 35,8,187.0,8.0,0.0,0.0,192.0,12.0,6.9120637986190605,0.0
Company 35,9,185.0,9.0,0.0,0.0,192.0,12.0,6.9120637986190605,0.0
Company 35,10,191.0,12.0,0.0,0.0,192.0,12.0,6.9120637986190605,0.0
Company 35,11,195.0,7.0,0.0,0.0,192.0,12.0,6.9120637986190605,0.0
Company 35,12,191.0,9.0,0.0,0.0,192.0,12.0,6.9120637986190605,0.0
Company 36,1,457.0,28.0,2.0,1.0,484.0,30.0,7.582503808239751,0.03333333333333333
Company 36,2,448.0,28.0,1.0,1.0,484.0,30.0,7.582503808239751,0.03333333333333333
Company 36,3,452.0,32.0,2.0,1.0,484.0,30.0,7.582503808239751,0.03333333333333333
Company 36,4,447.0,29.0,2.0,1.0,484.0,30.0,7.582503808239751,0.03333333333333333
Company 36,5,465.0,43.0,1.0,1.0,484.0,30.0,7.582503808239751,0.03333333333333333
Company 36,6,465.0,35.0,1.0,1.0,484.0,30.0,7.582503808239751,0.03333333333333333
Company 36,7,474.0,20.0,1.0,1.0,484.0,30.0,7.582503808239751,0.03333333333333333
Company 36,8,493.0,30.0,0.0,1.0,484.0,30.0,7.582503808239751,0.03333333333333333
Company 36,9,513.0,30.0,2.0,1.0,484.0,30.0,7.582503808239751,0.03333333333333333
Company 36,10,523.0,28.0,1.0,1.0,484.0,30.0,7.582503808239751,0.03333333333333333
Company 36,11,528.0,30.0,0.0,1.0,484.0,30.0,7.582503808239751,0.03333333333333333
Company 36,12,549.0,27.0,1.0,1.0,484.0,30.0,7.582503808239751,0.03333333333333333
Company 37,1,132.0,11.0,0.0,0.0,130.0,8.0,8.047314078329245,0.0
Company 37,2,136.0,11.0,0.0,0.0,130.0,8.0,8.047314078329245,0.0
Company 37,3,140.0,2.0,0.0,0.0,130.0,8.0,8.047314078329245,0.0
Company 37,4,141.0,6.0,0.0,0.0,130.0,8.0,8.047314078329245,0.0
Company 37,5,137.0,10.0,0.0,0.0,130.0,8.0,8.047314078329245,0.0
Company 37,6,133.0,15.0,1.0,0.0,130.0,8.0,8.047314078329245,0.0
Company 37,7,129.0,9.0,0.0,0.0,130.0,8.0,8.047314078329245,0.0
Company 37,8,129.0,3.0,0.0,0.0,130.0,8.0,8.047314078329245,0.0
Company 37,9,124.0,6.0,0.0,0.0,130.0,8.0,8.047314078329245,0.0
Company 37,10,123.0,5.0,0.0,0.0,130.0,8.0,8.047314078329245,0.0
Company 37,11,118.0,8.0,2.0,0.0,130.0,8.0,8.047314078329245,0.0
Company 37,12,117.0,8.0,0.0,0.0,130.0,8.0,8.047314078329245,0.0
Company 38,1,271.0,6.0,0.0,0.0,279.0,5.0,2.097549370716016,0.0
Company 38,2,282.0,6.0,0.0,0.0,279.0,5.0,2.097549370716016,0.0
Company 38,3,282.0,3.0,1.0,0.0,279.0,5.0,2.097549370716016,0.0
Company 38,4,276.0,4.0,0.0,0.0,279.0,5.0,2.097549370716016,0.0
Company 38,5,276.0,7.0,1.0,0.0,279.0,5.0,2.097549370716016,0.0
Company 38,6,284.0,4.0,0.0,0.0,279.0,5.0,2.097549370716016,0.0
Company 38,7,290.0,7.0,0.0,0.0,279.0,5.0,2.097549370716016,0.0
Company 38,8,276.0,6.0,0.0,0.0,279.0,5.0,2.097549370716016,0.0
Company 38,9,284.0,5.0,0.0,0.0,279.0,5.0,2.097549370716016,0.0
Company 38,10,284.0,4.0,0.0,0.0,279.0,5.0,2.097549370716016,0.0
Company 38,11,281.0,2.0,0.0,0.0,279.0,5.0,2.097549370716016,0.0
Company 38,12,267.0,5.0,0.0,0.0,279.0,5.0,2.097549370716016,0.0
Company 39,1,209.0,30.0,0.0,0.0,193.0,16.0,11.125940894931643,0.0
Company 39,2,207.0,22.0,0.0,0.0,193.0,16.0,11.125940894931643,0.0
Company 39,3,211.0,15.0,0.0,0.0,193.0,16.0,11.125940894931643,0.0
Company 39,4,200.0,20.0,0.0,0.0,193.0,16.0,11.125940894931643,0.0
Company 39,5,202.0,12.0,0.0,0.0,193.0,16.0,11.125940894931643,0.0
Company 39,6,194.0,21.0,1.0,0.0,193.0,16.0,11.125940894931643,0.0
Company 39,7,184.0,15.0,1.0,0.0,193.0,16.0,11.125940894931643,0.0
Company 39,8,188.0,16.0,2.0,0.0,193.0,16.0,11.125940894931643,0.0
Company 39,9,190.0,13.0,1.0,0.0,193.0,16.0,11.125940894931643,0.0
Company 39,10,180.0,10.0,0.0,0.0,193.0,16.0,11.125940894931643,0.0
Company 39,11,176.0,11.0,0.0,0.0,193.0,16.0,11.125940894931643,0.0
Company 39,12,178.0,13.0,0.0,0.0,193.0,16.0,11.125940894931643,0.0
Company 40,1,468.0,39.0,2.0,1.0,502.0,34.0,8.937272220920395,0.029411764705882356
Company 40,2,477.0,35.0,0.0,1.0,502.0,34.0,8.937272220920395,0.029411764705882356
Company 40,3,472.0,34.0,0.0,1.0,502.0,34.0,8.937272220920395,0.029411764705882356
Company 40,4,486.0,38.0,4.0,1.0,502.0,34.0,8.937272220920395,0.029411764705882356
Company 40,5,496.0,42.0,2.0,1.0,502.0,34.0,8.937272220920395,0.029411764705882356
Company 40,6,516.0,37.0,0.0,1.0,502.0,34.0,8.937272220920395,0.029411764705882356
Company 40,7,521.0,27.0,1.0,1.0,502.0,34.0,8.937272220920395,0.029411764705882356
Company 40,8,511.0,34.0,2.0,1.0,502.0,34.0,8.937272220920395,0.029411764705882356
Company 40,9,531.0,28.0,0.0,1.0,502.0,34.0,8.937272220920395,0.029411764705882356
Company 40,10,515.0,25.0,0.0,1.0,502.0,34.0,8.937272220920395,0.029411764705882356
Company 40,11,515.0,34.0,4.0,1.0,502.0,34.0,8.937272220920395,0.029411764705882356
Company 40,12,510.0,34.0,0.0,1.0,502.0,34.0,8.937272220920395,0.029411764705882356
Company 41,1,310.0,26.0,1.0,0.0,270.0,18.0,7.701535504257822,0.0
Company 41,2,298.0,28.0,0.0,0.0,270.0,18.0,7.701535504257822,0.0
Company 41,3,286.0,15.0,2.0,0.0,270.0,18.0,7.701535504257822,0.0
Company 41,4,286.0,19.0,0.0,0.0,270.0,18.0,7.701535504257822,0.0
Company 41,5,275.0,23.0,1.0,0.0,270.0,18.0,7.701535504257822,0.0
Company 41,6,267.0,15.0,0.0,0.0,270.0,18.0,7.701535504257822,0.0
Company 41,7,256.0,14.0,1.0,0.0,270.0,18.0,7.701535504257822,0.0
Company 41,8,261.0,18.0,0.0,0.0,270.0,18.0,7.701535504257822,0.0
Company 41,9,251.0,10.0,0.0,0.0,270.0,18.0,7.701535504257822,0.0
Company 41,10,243.0,11.0,1.0,0.0,270.0,18.0,7.701535504257822,0.0
Company 41,11,250.0,17.0,0.0,0.0,270.0,18.0,7.701535504257822,0.0
Company 41,12,252.0,16.0,0.0,0.0,270.0,18.0,7.701535504257822,0.0
Company 42,1,332.0,27.0,1.0,1.0,318.0,23.0,8.927428788679146,0.043478260869565216
Company 42,2,332.0,15.0,1.0,1.0,318.0,23.0,8.927428788679146,0.043478260869565216
Company 42,3,335.0,27.0,1.0,1.0,318.0,23.0,8.927428788679146,0.043478260869565216
Company 42,4,345.0,39.0,3.0,1.0,318.0,23.0,8.927428788679146,0.043478260869565216
Company 42,5,338.0,23.0,0.0,1.0,318.0,23.0,8.927428788679146,0.043478260869565216
Company 42,6,328.0,31.0,1.0,1.0,318.0,23.0,8.927428788679146,0.043478260869565216
Company 42,7,315.0,22.0,0.0,1.0,318.0,23.0,8.927428788679146,0.043478260869565216
Company 42,8,315.0,21.0,0.0,1.0,318.0,23.0,8.927428788679146,0.043478260869565216
Company 42,9,299.0,15.0,0.0,1.0,318.0,23.0,8.927428788679146,0.043478260869565216
Company 42,10,296.0,16.0,1.0,1.0,318.0,23.0,8.927428788679146,0.043478260869565216
Company 42,11,290.0,18.0,0.0,1.0,318.0,23.0,8.927428788679146,0.043478260869565216
Company 42,12,296.0,18.0,3.0,1.0,318.0,23.0,8.927428788679146,0.043478260869565216
Company 43,1,221.0,28.0,3.0,0.0,210.0,22.0,11.704571551615107,0.0
Company 43,2,219.0,31.0,0.0,0.0,210.0,22.0,11.704571551615107,0.0
Company 43,3,217.0,29.0,0.0,0.0,210.0,22.0,11.704571551615107,0.0
Company 43,4,206.0,17.0,0.0,0.0,210.0,22.0,11.704571551615107,0.0
Company 43,5,206.0,18.0,0.0,0.0,210.0,22.0,11.704571551615107,0.0
Company 43,6,200.0,15.0,0.0,0.0,210.0,22.0,11.704571551615107,0.0
Company 43,7,200.0,26.0,0.0,0.0,210.0,22.0,11.704571551615107,0.0
Company 43,8,202.0,20.0,0.0,0.0,210.0,22.0,11.704571551615107,0.0
Company 43,9,210.0,29.0,1.0,0.0,210.0,22.0,11.704571551615107,0.0
Company 43,10,212.0,15.0,1.0,0.0,210.0,22.0,11.704571551615107,0.0
Company 43,11,216.0,13.0,0.0,0.0,210.0,22.0,11.704571551615107,0.0
Company 43,12,216.0,17.0,0.0,0.0,210.0,22.0,11.704571551615107,0.0
Company 44,1,482.0,38.0,0.0,0.0,507.0,33.0,8.213698567597586,0.0
Company 44,2,492.0,48.0,0.0,0.0,507.0,33.0,8.213698567597586,0.0
Company 44,3,487.0,39.0,1.0,0.0,507.0,33.0,8.213698567597586,0.0
Company 44,4,502.0,38.0,0.0,0.0,507.0,33.0,8.213698567597586,0.0
Company 44,5,512.0,31.0,0.0,0.0,507.0,33.0,8.213698567597586,0.0
Company 44,6,522.0,29.0,0.0,0.0,507.0,33.0,8.213698567597586,0.0
Company 44,7,538.0,31.0,0.0,0.0,507.0,33.0,8.213698567597586,0.0
Company 44,8,527.0,29.0,1.0,0.0,507.0,33.0,8.213698567597586,0.0
Company 44,9,516.0,29.0,1.0,0.0,507.0,33.0,8.213698567597586,0.0
Company 44,10,526.0,31.0,1.0,0.0,507.0,33.0,8.213698567597586,0.0
Company 44,11,500.0,23.0,0.0,0.0,507.0,33.0,8.213698567597586,0.0
Company 44,12,475.0,33.0,0.0,0.0,507.0,33.0,8.213698567597586,0.0
Company 45,1,58.0,2.0,0.0,0.0,55.0,3.0,4.599064210840472,0.0
Company 45,2,59.0,1.0,1.0,0.0,55.0,3.0,4.599064210840472,0.0
Company 45,3,60.0,5.0,0.0,0.0,55.0,3.0,4.599064210840472,0.0
Company 45,4,57.0,2.0,0.0,0.0,55.0,3.0,4.599064210840472,0.0
Company 45,5,55.0,5.0,0.0,0.0,55.0,3.0,4.599064210840472,0.0
Company 45,6,56.0,1.0,0.0,0.0,55.0,3.0,4.599064210840472,0.0
Company 45,7,55.0,4.0,0.0,0.0,55.0,3.0,4.599064210840472,0.0
Company 45,8,53.0,1.0,0.0,0.0,55.0,3.0,4.599064210840472,0.0
Company 45,9,53.0,3.0,0.0,0.0,55.0,3.0,4.599064210840472,0.0
Company 45,10,55.0,2.0,0.0,0.0,55.0,3.0,4.599064210840472,0.0
Company 45,11,52.0,5.0,0.0,0.0,55.0,3.0,4.599064210840472,0.0
Company 45,12,52.0,3.0,0.0,0.0,55.0,3.0,4.599064210840472,0.0
Company 46,1,280.0,29.0,2.0,2.0,269.0,28.0,12.664932583944681,0.07142857142857142
Company 46,2,274.0,39.0,4.0,2.0,269.0,28.0,12.664932583944681,0.07142857142857142
Company 46,3,271.0,36.0,2.0,2.0,269.0,28.0,12.664932583944681,0.07142857142857142
Company 46,4,271.0,27.0,0.0,2.0,269.0,28.0,12.664932583944681,0.07142857142857142
Company 46,5,279.0,31.0,1.0,2.0,269.0,28.0,12.664932583944681,0.07142857142857142
Company 46,6,265.0,25.0,1.0,2.0,269.0,28.0,12.664932583944681,0.07142857142857142
Company 46,7,265.0,23.0,3.0,2.0,269.0,28.0,12.664932583944681,0.07142857142857142
Company 46,8,276.0,27.0,2.0,2.0,269.0,28.0,12.664932583944681,0.07142857142857142
Company 46,9,270.0,30.0,0.0,2.0,269.0,28.0,12.664932583944681,0.07142857142857142
Company 46,10,270.0,25.0,1.0,2.0,269.0,28.0,12.664932583944681,0.07142857142857142
Company 46,11,256.0,23.0,2.0,2.0,269.0,28.0,12.664932583944681,0.07142857142857142
Company 46,12,246.0,22.0,1.0,2.0,269.0,28.0,12.664932583944681,0.07142857142857142
Company 47,1,157.0,12.0,0.0,0.0,160.0,8.0,6.266704615831124,0.0
Company 47,2,160.0,9.0,1.0,0.0,160.0,8.0,6.266704615831124,0.0
Company 47,3,163.0,10.0,0.0,0.0,160.0,8.0,6.266704615831124,0.0
Company 47,4,166.0,10.0,0.0,0.0,160.0,8.0,6.266704615831124,0.0
Company 47,5,161.0,9.0,0.0,0.0,160.0,8.0,6.266704615831124,0.0
Company 47,6,158.0,6.0,0.0,0.0,160.0,8.0,6.266704615831124,0.0
Company 47,7,160.0,8.0,0.0,0.0,160.0,8.0,6.266704615831124,0.0
Company 47,8,158.0,7.0,0.0,0.0,160.0,8.0,6.266704615831124,0.0
Company 47,9,163.0,8.0,2.0,0.0,160.0,8.0,6.266704615831124,0.0
Company 47,10,158.0,5.0,0.0,0.0,160.0,8.0,6.266704615831124,0.0
Company 47,11,161.0,3.0,0.0,0.0,160.0,8.0,6.266704615831124,0.0
Company 47,12,161.0,4.0,0.0,0.0,160.0,8.0,6.266704615831124,0.0
Company 48,1,363.0,15.0,0.0,0.0,359.0,13.0,5.098119929652119,0.0
Company 48,2,370.0,16.0,1.0,0.0,359.0,13.0,5.098119929652119,0.0
Company 48,3,359.0,11.0,0.0,0.0,359.0,13.0,5.098119929652119,0.0
Company 48,4,373.0,17.0,1.0,0.0,359.0,13.0,5.098119929652119,0.0
Company 48,5,366.0,19.0,1.0,0.0,359.0,13.0,5.098119929652119,0.0
Company 48,6,348.0,14.0,0.0,0.0,359.0,13.0,5.098119929652119,0.0
Company 48,7,338.0,12.0,0.0,0.0,359.0,13.0,5.098119929652119,0.0
Company 48,8,352.0,8.0,0.0,0.0,359.0,13.0,5.098119929652119,0.0
Company 48,9,366.0,11.0,0.0,0.0,359.0,13.0,5.098119929652119,0.0
Company 48,10,362.0,13.0,0.0,0.0,359.0,13.0,5.098119929652119,0.0
Company 48,11,355.0,11.0,0.0,0.0,359.0,13.0,5.098119929652119,0.0
Company 48,12,355.0,10.0,0.0,0.0,359.0,13.0,5.098119929652119,0.0
Company 49,1,215.0,7.0,0.0,0.0,214.0,3.0,1.752016618860022,0.0
Company 49,2,217.0,4.0,0.0,0.0,214.0,3.0,1.752016618860022,0.0
Company 49,3,213.0,1.0,0.0,0.0,214.0,3.0,1.752016618860022,0.0
Company 49,4,219.0,4.0,0.0,0.0,214.0,3.0,1.752016618860022,0.0
Company 49,5,217.0,2.0,0.0,0.0,214.0,3.0,1.752016618860022,0.0
Company 49,6,224.0,5.0,0.0,0.0,214.0,3.0,1.752016618860022,0.0
Company 49,7,215.0,1.0,0.0,0.0,214.0,3.0,1.752016618860022,0.0
Company 49,8,213.0,4.0,0.0,0.0,214.0,3.0,1.752016618860022,0.0
Company 49,9,207.0,2.0,0.0,0.0,214.0,3.0,1.752016618860022,0.0
Company 49,10,213.0,3.0,1.0,0.0,214.0,3.0,1.752016618860022,0.0
Company 49,11,213.0,1.0,0.0,0.0,214.0,3.0,1.752016618860022,0.0
Company 49,12,202.0,2.0,0.0,0.0,214.0,3.0,1.752016618860022,0.0
Company 50,1,92.0,8.0,0.0,0.0,91.0,6.0,8.031660017394318,0.0
Company 50,2,96.0,6.0,0.0,0.0,91.0,6.0,8.031660017394318,0.0
Company 50,3,99.0,8.0,0.0,0.0,91.0,6.0,8.031660017394318,0.0
Company 50,4,95.0,8.0,1.0,0.0,91.0,6.0,8.031660017394318,0.0
Company 50,5,91.0,7.0,0.0,0.0,91.0,6.0,8.031660017394318,0.0
Company 50,6,90.0,6.0,0.0,0.0,91.0,6.0,8.031660017394318,0.0
Company 50,7,86.0,8.0,2.0,0.0,91.0,6.0,8.031660017394318,0.0
Company 50,8,89.0,2.0,0.0,0.0,91.0,6.0,8.031660017394318,0.0
Company 50,9,86.0,7.0,0.0,0.0,91.0,6.0,8.031660017394318,0.0
Company 50,10,89.0,5.0,0.0,0.0,91.0,6.0,8.031660017394318,0.0
Company 50,11,90.0,7.0,2.0,0.0,91.0,6.0,8.031660017394318,0.0
Company 50,12,94.0,3.0,0.0,0.0,91.0,6.0,8.031660017394318,0.0
Company 51,1,359.0,16.0,1.0,1.0,340.0,10.0,3.809425225896746,0.1
Company 51,2,373.0,11.0,1.0,1.0,340.0,10.0,3.809425225896746,0.1
Company 51,3,358.0,11.0,0.0,1.0,340.0,10.0,3.809425225896746,0.1
Company 51,4,347.0,15.0,0.0,1.0,340.0,10.0,3.809425225896746,0.1
Company 51,5,333.0,14.0,1.0,1.0,340.0,10.0,3.809425225896746,0.1
Company 51,6,333.0,6.0,1.0,1.0,340.0,10.0,3.809425225896746,0.1
Company 51,7,336.0,9.0,1.0,1.0,340.0,10.0,3.809425225896746,0.1
Company 51,8,326.0,9.0,3.0,1.0,340.0,10.0,3.809425225896746,0.1
Company 51,9,329.0,12.0,0.0,1.0,340.0,10.0,3.809425225896746,0.1
Company 51,10,339.0,8.0,1.0,1.0,340.0,10.0,3.809425225896746,0.1
Company 51,11,325.0,4.0,0.0,1.0,340.0,10.0,3.809425225896746,0.1
Company 51,12,328.0,2.0,0.0,1.0,340.0,10.0,3.809425225896746,0.1
Company 52,1,452.0,26.0,1.0,0.0,399.0,21.0,5.9234679915450315,0.0
Company 52,2,429.0,25.0,1.0,0.0,399.0,21.0,5.9234679915450315,0.0
Company 52,3,408.0,20.0,0.0,0.0,399.0,21.0,5.9234679915450315,0.0
Company 52,4,408.0,31.0,1.0,0.0,399.0,21.0,5.9234679915450315,0.0
Company 52,5,392.0,20.0,1.0,0.0,399.0,21.0,5.9234679915450315,0.0
Company 52,6,400.0,26.0,1.0,0.0,399.0,21.0,5.9234679915450315,0.0
Company 52,7,396.0,16.0,0.0,0.0,399.0,21.0,5.9234679915450315,0.0
Company 52,8,384.0,20.0,0.0,0.0,399.0,21.0,5.9234679915450315,0.0
Company 52,9,388.0,20.0,0.0,0.0,399.0,21.0,5.9234679915450315,0.0
Company 52,10,384.0,15.0,0.0,0.0,399.0,21.0,5.9234679915450315,0.0
Company 52,11,369.0,22.0,1.0,0.0,399.0,21.0,5.9234679915450315,0.0
Company 52,12,376.0,12.0,0.0,0.0,399.0,21.0,5.9234679915450315,0.0
Company 53,1,277.0,22.0,1.0,0.0,254.0,20.0,9.79714976728866,0.0
Company 53,2,271.0,28.0,0.0,0.0,254.0,20.0,9.79714976728866,0.0
Company 53,3,257.0,20.0,1.0,0.0,254.0,20.0,9.79714976728866,0.0
Company 53,4,265.0,24.0,1.0,0.0,254.0,20.0,9.79714976728866,0.0
Company 53,5,254.0,21.0,1.0,0.0,254.0,20.0,9.79714976728866,0.0
Company 53,6,257.0,18.0,0.0,0.0,254.0,20.0,9.79714976728866,0.0
Company 53,7,244.0,18.0,1.0,0.0,254.0,20.0,9.79714976728866,0.0
Company 53,8,254.0,24.0,1.0,0.0,254.0,20.0,9.79714976728866,0.0
Company 53,9,241.0,12.0,0.0,0.0,254.0,20.0,9.79714976728866,0.0
Company 53,10,246.0,24.0,0.0,0.0,254.0,20.0,9.79714976728866,0.0
Company 53,11,241.0,17.0,0.0,0.0,254.0,20.0,9.79714976728866,0.0
Company 53,12,236.0,11.0,0.0,0.0,254.0,20.0,9.79714976728866,0.0
Company 54,1,212.0,24.0,1.0,0.0,199.0,14.0,8.133079523146433,0.0
Company 54,2,206.0,19.0,0.0,0.0,199.0,14.0,8.133079523146433,0.0
Company 54,3,200.0,16.0,2.0,0.0,199.0,14.0,8.133079523146433,0.0
Company 54,4,208.0,16.0,0.0,0.0,199.0,14.0,8.133079523146433,0.0
Company 54,5,198.0,14.0,0.0,0.0,199.0,14.0,8.133079523146433,0.0
Company 54,6,206.0,17.0,0.0,0.0,199.0,14.0,8.133079523146433,0.0
Company 54,7,206.0,13.0,0.0,0.0,199.0,14.0,8.133079523146433,0.0
Company 54,8,196.0,14.0,1.0,0.0,199.0,14.0,8.133079523146433,0.0
Company 54,9,190.0,11.0,0.0,0.0,199.0,14.0,8.133079523146433,0.0
Company 54,10,186.0,9.0,1.0,0.0,199.0,14.0,8.133079523146433,0.0
Company 54,11,186.0,6.0,0.0,0.0,199.0,14.0,8.133079523146433,0.0
Company 54,12,193.0,15.0,0.0,0.0,199.0,14.0,8.133079523146433,0.0
Company 55,1,420.0,53.0,3.0,1.0,382.0,36.0,12.065148910738776,0.027777777777777776
Company 55,2,399.0,47.0,1.0,1.0,382.0,36.0,12.065148910738776,0.027777777777777776
Company 55,3,411.0,38.0,0.0,1.0,382.0,36.0,12.065148910738776,0.027777777777777776
Company 55,4,390.0,41.0,2.0,1.0,382.0,36.0,12.065148910738776,0.027777777777777776
Company 55,5,398.0,38.0,0.0,1.0,382.0,36.0,12.065148910738776,0.027777777777777776
Company 55,6,378.0,38.0,3.0,1.0,382.0,36.0,12.065148910738776,0.027777777777777776
Company 55,7,378.0,27.0,0.0,1.0,382.0,36.0,12.065148910738776,0.027777777777777776
Company 55,8,386.0,26.0,1.0,1.0,382.0,36.0,12.065148910738776,0.027777777777777776
Company 55,9,378.0,33.0,1.0,1.0,382.0,36.0,12.065148910738776,0.027777777777777776
Company 55,10,363.0,31.0,0.0,1.0,382.0,36.0,12.065148910738776,0.027777777777777776
Company 55,11,345.0,27.0,0.0,1.0,382.0,36.0,12.065148910738776,0.027777777777777776
Company 55,12,335.0,27.0,0.0,1.0,382.0,36.0,12.065148910738776,0.027777777777777776
Company 56,1,394.0,36.0,0.0,1.0,372.0,27.0,9.220549183077052,0.037037037037037035
Company 56,2,398.0,31.0,1.0,1.0,372.0,27.0,9.220549183077052,0.037037037037037035
Company 56,3,382.0,37.0,0.0,1.0,372.0,27.0,9.220549183077052,0.037037037037037035
Company 56,4,393.0,47.0,1.0,1.0,372.0,27.0,9.220549183077052,0.037037037037037035
Company 56,5,377.0,27.0,0.0,1.0,372.0,27.0,9.220549183077052,0.037037037037037035
Company 56,6,366.0,27.0,0.0,1.0,372.0,27.0,9.220549183077052,0.037037037037037035
Company 56,7,355.0,18.0,2.0,1.0,372.0,27.0,9.220549183077052,0.037037037037037035
Company 56,8,369.0,20.0,1.0,1.0,372.0,27.0,9.220549183077052,0.037037037037037035
Company 56,9,376.0,20.0,1.0,1.0,372.0,27.0,9.220549183077052,0.037037037037037035
Company 56,10,357.0,21.0,1.0,1.0,372.0,27.0,9.220549183077052,0.037037037037037035
Company 56,11,353.0,19.0,0.0,1.0,372.0,27.0,9.220549183077052,0.037037037037037035
Company 56,12,349.0,17.0,0.0,1.0,372.0,27.0,9.220549183077052,0.037037037037037035
Company 57,1,435.0,32.0,0.0,1.0,397.0,21.0,6.384418205839567,0.047619047619047616
Company 57,2,413.0,33.0,1.0,1.0,397.0,21.0,6.384418205839567,0.047619047619047616
Company 57,3,413.0,18.0,1.0,1.0,397.0,21.0,6.384418205839567,0.047619047619047616
Company 57,4,409.0,23.0,4.0,1.0,397.0,21.0,6.384418205839567,0.047619047619047616
Company 57,5,417.0,21.0,0.0,1.0,397.0,21.0,6.384418205839567,0.047619047619047616
Company 57,6,400.0,25.0,0.0,1.0,397.0,21.0,6.384418205839567,0.047619047619047616
Company 57,7,380.0,24.0,1.0,1.0,397.0,21.0,6.384418205839567,0.047619047619047616
Company 57,8,388.0,14.0,1.0,1.0,397.0,21.0,6.384418205839567,0.047619047619047616
Company 57,9,372.0,19.0,0.0,1.0,397.0,21.0,6.384418205839567,0.047619047619047616
Company 57,10,372.0,23.0,0.0,1.0,397.0,21.0,6.384418205839567,0.047619047619047616
Company 57,11,376.0,11.0,0.0,1.0,397.0,21.0,6.384418205839567,0.047619047619047616
Company 57,12,387.0,14.0,1.0,1.0,397.0,21.0,6.384418205839567,0.047619047619047616
Company 58,1,369.0,29.0,1.0,1.0,338.0,17.0,6.681189021232086,0.05882352941176471
Company 58,2,365.0,19.0,2.0,1.0,338.0,17.0,6.681189021232086,0.05882352941176471
Company 58,3,347.0,15.0,1.0,1.0,338.0,17.0,6.681189021232086,0.05882352941176471
Company 58,4,350.0,22.0,1.0,1.0,338.0,17.0,6.681189021232086,0.05882352941176471
Company 58,5,364.0,16.0,0.0,1.0,338.0,17.0,6.681189021232086,0.05882352941176471
Company 58,6,357.0,19.0,1.0,1.0,338.0,17.0,6.681189021232086,0.05882352941176471
Company 58,7,346.0,14.0,0.0,1.0,338.0,17.0,6.681189021232086,0.05882352941176471
Company 58,8,329.0,13.0,2.0,1.0,338.0,17.0,6.681189021232086,0.05882352941176471
Company 58,9,316.0,17.0,1.0,1.0,338.0,17.0,6.681189021232086,0.05882352941176471
Company 58,10,300.0,12.0,0.0,1.0,338.0,17.0,6.681189021232086,0.05882352941176471
Company 58,11,309.0,15.0,0.0,1.0,338.0,17.0,6.681189021232086,0.05882352941176471
Company 58,12,300.0,10.0,0.0,1.0,338.0,17.0,6.681189021232086,0.05882352941176471
Company 59,1,448.0,26.0,2.0,0.0,471.0,22.0,5.9705041246442985,0.0
Company 59,2,457.0,20.0,0.0,0.0,471.0,22.0,5.9705041246442985,0.0
Company 59,3,439.0,21.0,0.0,0.0,471.0,22.0,5.9705041246442985,0.0
Company 59,4,457.0,30.0,0.0,0.0,471.0,22.0,5.9705041246442985,0.0
Company 59,5,462.0,18.0,0.0,0.0,471.0,22.0,5.9705041246442985,0.0
Company 59,6,480.0,24.0,0.0,0.0,471.0,22.0,5.9705041246442985,0.0
Company 59,7,475.0,22.0,0.0,0.0,471.0,22.0,5.9705041246442985,0.0
Company 59,8,480.0,17.0,2.0,0.0,471.0,22.0,5.9705041246442985,0.0
Company 59,9,494.0,28.0,0.0,0.0,471.0,22.0,5.9705041246442985,0.0
Company 59,10,474.0,19.0,0.0,0.0,471.0,22.0,5.9705041246442985,0.0
Company 59,11,483.0,23.0,0.0,0.0,471.0,22.0,5.9705041246442985,0.0
Company 59,12,502.0,20.0,1.0,0.0,471.0,22.0,5.9705041246442985,0.0
Company 60,1,112.0,13.0,1.0,0.0,106.0,9.0,10.585485134658176,0.0
Company 60,2,112.0,8.0,0.0,0.0,106.0,9.0,10.585485134658176,0.0
Company 60,3,115.0,12.0,0.0,0.0,106.0,9.0,10.585485134658176,0.0
Company 60,4,116.0,16.0,1.0,0.0,106.0,9.0,10.585485134658176,0.0
Company 60,5,111.0,12.0,0.0,0.0,106.0,9.0,10.585485134658176,0.0
Company 60,6,105.0,10.0,1.0,0.0,106.0,9.0,10.585485134658176,0.0
Company 60,7,107.0,5.0,0.0,0.0,106.0,9.0,10.585485134658176,0.0
Company 60,8,102.0,14.0,1.0,0.0,106.0,9.0,10.585485134658176,0.0
Company 60,9,104.0,4.0,0.0,0.0,106.0,9.0,10.585485134658176,0.0
Company 60,10,99.0,5.0,0.0,0.0,106.0,9.0,10.585485134658176,0.0
Company 60,11,97.0,7.0,0.0,0.0,106.0,9.0,10.585485134658176,0.0
Company 60,12,92.0,6.0,0.0,0.0,106.0,9.0,10.585485134658176,0.0
Company 61,1,272.0,19.0,1.0,0.0,253.0,17.0,8.085865562944795,0.0
Company 61,2,269.0,31.0,0.0,0.0,253.0,17.0,8.085865562944795,0.0
Company 61,3,256.0,22.0,0.0,0.0,253.0,17.0,8.085865562944795,0.0
Company 61,4,264.0,14.0,1.0,0.0,253.0,17.0,8.085865562944795,0.0
Company 61,5,267.0,17.0,0.0,0.0,253.0,17.0,8.085865562944795,0.0
Company 61,6,259.0,22.0,1.0,0.0,253.0,17.0,8.085865562944795,0.0
Company 61,7,262.0,9.0,1.0,0.0,253.0,17.0,8.085865562944795,0.0
Company 61,8,254.0,13.0,0.0,0.0,253.0,17.0,8.085865562944795,0.0
Company 61,9,241.0,11.0,0.0,0.0,253.0,17.0,8.085865562944795,0.0
Company 61,10,231.0,17.0,1.0,0.0,253.0,17.0,8.085865562944795,0.0
Company 61,11,233.0,17.0,0.0,0.0,253.0,17.0,8.085865562944795,0.0
Company 61,12,231.0,14.0,0.0,0.0,253.0,17.0,8.085865562944795,0.0
Company 62,1,91.0,5.0,0.0,0.0,90.0,4.0,6.356318310833111,0.0
Company 62,2,95.0,7.0,0.0,0.0,90.0,4.0,6.356318310833111,0.0
Company 62,3,94.0,5.0,0.0,0.0,90.0,4.0,6.356318310833111,0.0
Company 62,4,90.0,5.0,0.0,0.0,90.0,4.0,6.356318310833111,0.0
Company 62,5,92.0,6.0,0.0,0.0,90.0,4.0,6.356318310833111,0.0
Company 62,6,93.0,4.0,0.0,0.0,90.0,4.0,6.356318310833111,0.0
Company 62,7,90.0,3.0,0.0,0.0,90.0,4.0,6.356318310833111,0.0
Company 62,8,92.0,4.0,0.0,0.0,90.0,4.0,6.356318310833111,0.0
Company 62,9,87.0,4.0,0.0,0.0,90.0,4.0,6.356318310833111,0.0
Company 62,10,84.0,3.0,0.0,0.0,90.0,4.0,6.356318310833111,0.0
Company 62,11,86.0,4.0,0.0,0.0,90.0,4.0,6.356318310833111,0.0
Company 62,12,88.0,1.0,0.0,0.0,90.0,4.0,6.356318310833111,0.0
Company 63,1,299.0,36.0,0.0,1.0,276.0,24.0,11.379692457353599,0.04166666666666666
Company 63,2,290.0,32.0,1.0,1.0,276.0,24.0,11.379692457353599,0.04166666666666666
Company 63,3,284.0,29.0,0.0,1.0,276.0,24.0,11.379692457353599,0.04166666666666666
Company 63,4,270.0,24.0,0.0,1.0,276.0,24.0,11.379692457353599,0.04166666666666666
Company 63,5,256.0,29.0,3.0,1.0,276.0,24.0,11.379692457353599,0.04166666666666666
Company 63,6,256.0,19.0,0.0,1.0,276.0,24.0,11.379692457353599,0.04166666666666666
Company 63,7,266.0,23.0,0.0,1.0,276.0,24.0,11.379692457353599,0.04166666666666666
Company 63,8,277.0,17.0,1.0,1.0,276.0,24.0,11.379692457353599,0.04166666666666666
Company 63,9,285.0,22.0,0.0,1.0,276.0,24.0,11.379692457353599,0.04166666666666666
Company 63,10,271.0,15.0,0.0,1.0,276.0,24.0,11.379692457353599,0.04166666666666666
Company 63,11,282.0,22.0,1.0,1.0,276.0,24.0,11.379692457353599,0.04166666666666666
Company 63,12,271.0,20.0,2.0,1.0,276.0,24.0,11.379692457353599,0.04166666666666666
Company 64,1,30.0,2.0,1.0,0.0,27.0,1.0,8.385144052350986,0.0
Company 64,2,30.0,0.0,0.0,0.0,27.0,1.0,8.385144052350986,0.0
Company 64,3,28.0,4.0,0.0,0.0,27.0,1.0,8.385144052350986,0.0
Company 64,4,29.0,1.0,0.0,0.0,27.0,1.0,8.385144052350986,0.0
Company 64,5,28.0,1.0,0.0,0.0,27.0,1.0,8.385144052350986,0.0
Company 64,6,27.0,4.0,0.0,0.0,27.0,1.0,8.385144052350986,0.0
Company 64,7,26.0,0.0,0.0,0.0,27.0,1.0,8.385144052350986,0.0
Company 64,8,26.0,0.0,0.0,0.0,27.0,1.0,8.385144052350986,0.0
Company 64,9,25.0,1.0,0.0,0.0,27.0,1.0,8.385144052350986,0.0
Company 64,10,24.0,0.0,0.0,0.0,27.0,1.0,8.385144052350986,0.0
Company 64,11,25.0,1.0,0.0,0.0,27.0,1.0,8.385144052350986,0.0
Company 64,12,25.0,1.0,0.0,0.0,27.0,1.0,8.385144052350986,0.0
Company 65,1,253.0,23.0,0.0,0.0,231.0,12.0,6.137858671890713,0.0
Company 65,2,256.0,13.0,0.0,0.0,231.0,12.0,6.137858671890713,0.0
Company 65,3,243.0,12.0,0.0,0.0,231.0,12.0,6.137858671890713,0.0
Company 65,4,243.0,12.0,0.0,0.0,231.0,12.0,6.137858671890713,0.0
Company 65,5,233.0,10.0,0.0,0.0,231.0,12.0,6.137858671890713,0.0
Company 65,6,226.0,17.0,1.0,0.0,231.0,12.0,6.137858671890713,0.0
Company 65,7,231.0,12.0,0.0,0.0,231.0,12.0,6.137858671890713,0.0
Company 65,8,226.0,8.0,1.0,0.0,231.0,12.0,6.137858671890713,0.0
Company 65,9,219.0,5.0,0.0,0.0,231.0,12.0,6.137858671890713,0.0
Company 65,10,210.0,6.0,0.0,0.0,231.0,12.0,6.137858671890713,0.0
Company 65,11,212.0,10.0,0.0,0.0,231.0,12.0,6.137858671890713,0.0
Company 65,12,220.0,11.0,0.0,0.0,231.0,12.0,6.137858671890713,0.0
Company 66,1,311.0,12.0,0.0,0.0,357.0,7.0,1.9504106741832432,0.0
Company 66,2,311.0,4.0,0.0,0.0,357.0,7.0,1.9504106741832432,0.0
Company 66,3,317.0,10.0,0.0,0.0,357.0,7.0,1.9504106741832432,0.0
Company 66,4,327.0,4.0,1.0,0.0,357.0,7.0,1.9504106741832432,0.0
Company 66,5,337.0,7.0,0.0,0.0,357.0,7.0,1.9504106741832432,0.0
Company 66,6,347.0,6.0,0.0,0.0,357.0,7.0,1.9504106741832432,0.0
Company 66,7,357.0,5.0,0.0,0.0,357.0,7.0,1.9504106741832432,0.0
Company 66,8,371.0,3.0,0.0,0.0,357.0,7.0,1.9504106741832432,0.0
Company 66,9,386.0,9.0,0.0,0.0,357.0,7.0,1.9504106741832432,0.0
Company 66,10,398.0,6.0,0.0,0.0,357.0,7.0,1.9504106741832432,0.0
Company 66,11,414.0,9.0,1.0,0.0,357.0,7.0,1.9504106741832432,0.0
Company 66,12,406.0,6.0,0.0,0.0,357.0,7.0,1.9504106741832432,0.0
Company 67,1,468.0,44.0,2.0,1.0,428.0,31.0,9.749887381191963,0.03225806451612903
Company 67,2,449.0,40.0,1.0,1.0,428.0,31.0,9.749887381191963,0.03225806451612903
Company 67,3,427.0,33.0,0.0,1.0,428.0,31.0,9.749887381191963,0.03225806451612903
Company 67,4,410.0,34.0,1.0,1.0,428.0,31.0,9.749887381191963,0.03225806451612903
Company 67,5,422.0,41.0,1.0,1.0,428.0,31.0,9.749887381191963,0.03225806451612903
Company 67,6,401.0,26.0,1.0,1.0,428.0,31.0,9.749887381191963,0.03225806451612903
Company 67,7,417.0,28.0,0.0,1.0,428.0,31.0,9.749887381191963,0.03225806451612903
Company 67,8,430.0,33.0,0.0,1.0,428.0,31.0,9.749887381191963,0.03225806451612903
Company 67,9,439.0,22.0,1.0,1.0,428.0,31.0,9.749887381191963,0.03225806451612903
Company 67,10,435.0,22.0,0.0,1.0,428.0,31.0,9.749887381191963,0.03225806451612903
Company 67,11,431.0,26.0,0.0,1.0,428.0,31.0,9.749887381191963,0.03225806451612903
Company 67,12,409.0,26.0,0.0,1.0,428.0,31.0,9.749887381191963,0.03225806451612903
Company 68,1,337.0,30.0,2.0,0.0,306.0,24.0,8.954834516070068,0.0
Company 68,2,337.0,26.0,0.0,0.0,306.0,24.0,8.954834516070068,0.0
Company 68,3,330.0,30.0,0.0,0.0,306.0,24.0,8.954834516070068,0.0
Company 68,4,323.0,23.0,0.0,0.0,306.0,24.0,8.954834516070068,0.0
Company 68,5,326.0,33.0,0.0,0.0,306.0,24.0,8.954834516070068,0.0
Company 68,6,313.0,25.0,1.0,0.0,306.0,24.0,8.954834516070068,0.0
Company 68,7,300.0,27.0,0.0,0.0,306.0,24.0,8.954834516070068,0.0
Company 68,8,300.0,24.0,1.0,0.0,306.0,24.0,8.954834516070068,0.0
Company 68,9,291.0,28.0,0.0,0.0,306.0,24.0,8.954834516070068,0.0
Company 68,10,276.0,12.0,0.0,0.0,306.0,24.0,8.954834516070068,0.0
Company 68,11,276.0,14.0,0.0,0.0,306.0,24.0,8.954834516070068,0.0
Company 68,12,262.0,16.0,1.0,0.0,306.0,24.0,8.954834516070068,0.0
Company 69,1,411.0,34.0,3.0,1.0,379.0,26.0,8.205324881081516,0.038461538461538464
Company 69,2,403.0,26.0,2.0,1.0,379.0,26.0,8.205324881081516,0.038461538461538464
Company 69,3,399.0,28.0,1.0,1.0,379.0,26.0,8.205324881081516,0.038461538461538464
Company 69,4,383.0,37.0,2.0,1.0,379.0,26.0,8.205324881081516,0.038461538461538464
Company 69,5,375.0,31.0,2.0,1.0,379.0,26.0,8.205324881081516,0.038461538461538464
Company 69,6,386.0,21.0,1.0,1.0,379.0,26.0,8.205324881081516,0.038461538461538464
Company 69,7,386.0,21.0,1.0,1.0,379.0,26.0,8.205324881081516,0.038461538461538464
Company 69,8,382.0,18.0,0.0,1.0,379.0,26.0,8.205324881081516,0.038461538461538464
Company 69,9,371.0,29.0,0.0,1.0,379.0,26.0,8.205324881081516,0.038461538461538464
Company 69,10,356.0,26.0,2.0,1.0,379.0,26.0,8.205324881081516,0.038461538461538464
Company 69,11,349.0,25.0,1.0,1.0,379.0,26.0,8.205324881081516,0.038461538461538464
Company 69,12,342.0,18.0,1.0,1.0,379.0,26.0,8.205324881081516,0.038461538461538464
Company 70,1,171.0,11.0,0.0,0.0,169.0,9.0,6.263735736601722,0.0
Company 70,2,164.0,7.0,1.0,0.0,169.0,9.0,6.263735736601722,0.0
Company 70,3,166.0,16.0,0.0,0.0,169.0,9.0,6.263735736601722,0.0
Company 70,4,168.0,9.0,1.0,0.0,169.0,9.0,6.263735736601722,0.0
Company 70,5,171.0,8.0,0.0,0.0,169.0,9.0,6.263735736601722,0.0
Company 70,6,173.0,15.0,1.0,0.0,169.0,9.0,6.263735736601722,0.0
Company 70,7,176.0,6.0,0.0,0.0,169.0,9.0,6.263735736601722,0.0
Company 70,8,169.0,5.0,1.0,0.0,169.0,9.0,6.263735736601722,0.0
Company 70,9,169.0,8.0,0.0,0.0,169.0,9.0,6.263735736601722,0.0
Company 70,10,166.0,6.0,0.0,0.0,169.0,9.0,6.263735736601722,0.0
Company 70,11,168.0,7.0,1.0,0.0,169.0,9.0,6.263735736601722,0.0
Company 70,12,166.0,8.0,0.0,0.0,169.0,9.0,6.263735736601722,0.0
Company 71,1,112.0,4.0,0.0,0.0,110.0,4.0,4.666057557514618,0.0
Company 71,2,116.0,4.0,0.0,0.0,110.0,4.0,4.666057557514618,0.0
Company 71,3,110.0,9.0,0.0,0.0,110.0,4.0,4.666057557514618,0.0
Company 71,4,109.0,6.0,0.0,0.0,110.0,4.0,4.666057557514618,0.0
Company 71,5,107.0,1.0,0.0,0.0,110.0,4.0,4.666057557514618,0.0
Company 71,6,110.0,3.0,0.0,0.0,110.0,4.0,4.666057557514618,0.0
Company 71,7,107.0,4.0,0.0,0.0,110.0,4.0,4.666057557514618,0.0
Company 71,8,110.0,3.0,0.0,0.0,110.0,4.0,4.666057557514618,0.0
Company 71,9,108.0,5.0,0.0,0.0,110.0,4.0,4.666057557514618,0.0
Company 71,10,112.0,1.0,0.0,0.0,110.0,4.0,4.666057557514618,0.0
Company 71,11,109.0,5.0,0.0,0.0,110.0,4.0,4.666057557514618,0.0
Company 71,12,105.0,1.0,0.0,0.0,110.0,4.0,4.666057557514618,0.0
Company 72,1,267.0,24.0,0.0,0.0,303.0,16.0,7.093208242927496,0.0
Company 72,2,278.0,11.0,0.0,0.0,303.0,16.0,7.093208242927496,0.0
Company 72,3,281.0,17.0,0.0,0.0,303.0,16.0,7.093208242927496,0.0
Company 72,4,292.0,12.0,1.0,0.0,303.0,16.0,7.093208242927496,0.0
Company 72,5,289.0,23.0,0.0,0.0,303.0,16.0,7.093208242927496,0.0
Company 72,6,301.0,16.0,1.0,0.0,303.0,16.0,7.093208242927496,0.0
Company 72,7,304.0,18.0,2.0,0.0,303.0,16.0,7.093208242927496,0.0
Company 72,8,310.0,10.0,0.0,0.0,303.0,16.0,7.093208242927496,0.0
Company 72,9,319.0,7.0,0.0,0.0,303.0,16.0,7.093208242927496,0.0
Company 72,10,332.0,21.0,1.0,0.0,303.0,16.0,7.093208242927496,0.0
Company 72,11,335.0,19.0,0.0,0.0,303.0,16.0,7.093208242927496,0.0
Company 72,12,332.0,15.0,0.0,0.0,303.0,16.0,7.093208242927496,0.0
Company 73,1,244.0,19.0,1.0,1.0,238.0,18.0,8.925704314137967,0.05555555555555555
Company 73,2,246.0,21.0,2.0,1.0,238.0,18.0,8.925704314137967,0.05555555555555555
Company 73,3,244.0,24.0,0.0,1.0,238.0,18.0,8.925704314137967,0.05555555555555555
Company 73,4,244.0,19.0,2.0,1.0,238.0,18.0,8.925704314137967,0.05555555555555555
Company 73,5,249.0,21.0,1.0,1.0,238.0,18.0,8.925704314137967,0.05555555555555555
Company 73,6,247.0,24.0,0.0,1.0,238.0,18.0,8.925704314137967,0.05555555555555555
Company 73,7,235.0,19.0,2.0,1.0,238.0,18.0,8.925704314137967,0.05555555555555555
Company 73,8,235.0,15.0,2.0,1.0,238.0,18.0,8.925704314137967,0.05555555555555555
Company 73,9,228.0,20.0,0.0,1.0,238.0,18.0,8.925704314137967,0.05555555555555555
Company 73,10,228.0,10.0,1.0,1.0,238.0,18.0,8.925704314137967,0.05555555555555555
Company 73,11,226.0,19.0,0.0,1.0,238.0,18.0,8.925704314137967,0.05555555555555555
Company 73,12,226.0,11.0,0.0,1.0,238.0,18.0,8.925704314137967,0.05555555555555555
Company 74,1,169.0,10.0,0.0,0.0,163.0,9.0,7.488596505024004,0.0
Company 74,2,162.0,14.0,1.0,0.0,163.0,9.0,7.488596505024004,0.0
Company 74,3,165.0,9.0,0.0,0.0,163.0,9.0,7.488596505024004,0.0
Company 74,4,163.0,11.0,1.0,0.0,163.0,9.0,7.488596505024004,0.0
Company 74,5,161.0,9.0,2.0,0.0,163.0,9.0,7.488596505024004,0.0
Company 74,6,159.0,12.0,0.0,0.0,163.0,9.0,7.488596505024004,0.0
Company 74,7,154.0,8.0,0.0,0.0,163.0,9.0,7.488596505024004,0.0
Company 74,8,159.0,11.0,0.0,0.0,163.0,9.0,7.488596505024004,0.0
Company 74,9,162.0,3.0,1.0,0.0,163.0,9.0,7.488596505024004,0.0
Company 74,10,164.0,10.0,0.0,0.0,163.0,9.0,7.488596505024004,0.0
Company 74,11,166.0,8.0,0.0,0.0,163.0,9.0,7.488596505024004,0.0
Company 74,12,171.0,4.0,0.0,0.0,163.0,9.0,7.488596505024004,0.0
Company 75,1,376.0,26.0,0.0,1.0,364.0,22.0,7.421153696686813,0.045454545454545456
Company 75,2,357.0,25.0,0.0,1.0,364.0,22.0,7.421153696686813,0.045454545454545456
Company 75,3,361.0,25.0,2.0,1.0,364.0,22.0,7.421153696686813,0.045454545454545456
Company 75,4,350.0,19.0,1.0,1.0,364.0,22.0,7.421153696686813,0.045454545454545456
Company 75,5,354.0,26.0,3.0,1.0,364.0,22.0,7.421153696686813,0.045454545454545456
Company 75,6,365.0,21.0,0.0,1.0,364.0,22.0,7.421153696686813,0.045454545454545456
Company 75,7,361.0,21.0,1.0,1.0,364.0,22.0,7.421153696686813,0.045454545454545456
Company 75,8,368.0,25.0,1.0,1.0,364.0,22.0,7.421153696686813,0.045454545454545456
Company 75,9,379.0,20.0,0.0,1.0,364.0,22.0,7.421153696686813,0.045454545454545456
Company 75,10,371.0,13.0,1.0,1.0,364.0,22.0,7.421153696686813,0.045454545454545456
Company 75,11,364.0,18.0,0.0,1.0,364.0,22.0,7.421153696686813,0.045454545454545456
Company 75,12,360.0,20.0,0.0,1.0,364.0,22.0,7.421153696686813,0.045454545454545456
Company 76,1,439.0,33.0,1.0,0.0,419.0,21.0,6.127297700928684,0.0
Company 76,2,417.0,19.0,1.0,0.0,419.0,21.0,6.127297700928684,0.0
Company 76,3,404.0,28.0,0.0,0.0,419.0,21.0,6.127297700928684,0.0
Company 76,4,416.0,20.0,0.0,0.0,419.0,21.0,6.127297700928684,0.0
Company 76,5,428.0,22.0,0.0,0.0,419.0,21.0,6.127297700928684,0.0
Company 76,6,415.0,19.0,0.0,0.0,419.0,21.0,6.127297700928684,0.0
Company 76,7,415.0,18.0,1.0,0.0,419.0,21.0,6.127297700928684,0.0
Company 76,8,419.0,28.0,2.0,0.0,419.0,21.0,6.127297700928684,0.0
Company 76,9,432.0,16.0,1.0,0.0,419.0,21.0,6.127297700928684,0.0
Company 76,10,410.0,16.0,0.0,0.0,419.0,21.0,6.127297700928684,0.0
Company 76,11,418.0,21.0,0.0,0.0,419.0,21.0,6.127297700928684,0.0
Company 76,12,410.0,15.0,0.0,0.0,419.0,21.0,6.127297700928684,0.0
Company 77,1,87.0,6.0,0.0,0.0,88.0,6.0,9.355619790940489,0.0
Company 77,2,89.0,6.0,1.0,0.0,88.0,6.0,9.355619790940489,0.0
Company 77,3,92.0,5.0,0.0,0.0,88.0,6.0,9.355619790940489,0.0
Company 77,4,92.0,11.0,0.0,0.0,88.0,6.0,9.355619790940489,0.0
Company 77,5,92.0,5.0,0.0,0.0,88.0,6.0,9.355619790940489,0.0
Company 77,6,87.0,4.0,0.0,0.0,88.0,6.0,9.355619790940489,0.0
Company 77,7,88.0,4.0,0.0,0.0,88.0,6.0,9.355619790940489,0.0
Company 77,8,87.0,6.0,0.0,0.0,88.0,6.0,9.355619790940489,0.0
Company 77,9,84.0,4.0,1.0,0.0,88.0,6.0,9.355619790940489,0.0
Company 77,10,87.0,7.0,1.0,0.0,88.0,6.0,9.355619790940489,0.0
Company 77,11,85.0,0.0,0.0,0.0,88.0,6.0,9.355619790940489,0.0
Company 77,12,88.0,8.0,0.0,0.0,88.0,6.0,9.355619790940489,0.0
Company 78,1,399.0,38.0,2.0,1.0,412.0,30.0,8.934504451938235,0.03333333333333333
Company 78,2,399.0,39.0,1.0,1.0,412.0,30.0,8.934504451938235,0.03333333333333333
Company 78,3,395.0,37.0,0.0,1.0,412.0,30.0,8.934504451938235,0.03333333333333333
Company 78,4,403.0,28.0,0.0,1.0,412.0,30.0,8.934504451938235,0.03333333333333333
Company 78,5,395.0,22.0,0.0,1.0,412.0,30.0,8.934504451938235,0.03333333333333333
Company 78,6,411.0,24.0,0.0,1.0,412.0,30.0,8.934504451938235,0.03333333333333333
Company 78,7,415.0,36.0,2.0,1.0,412.0,30.0,8.934504451938235,0.03333333333333333
Company 78,8,419.0,45.0,2.0,1.0,412.0,30.0,8.934504451938235,0.03333333333333333
Company 78,9,419.0,18.0,1.0,1.0,412.0,30.0,8.934504451938235,0.03333333333333333
Company 78,10,436.0,29.0,0.0,1.0,412.0,30.0,8.934504451938235,0.03333333333333333
Company 78,11,423.0,18.0,1.0,1.0,412.0,30.0,8.934504451938235,0.03333333333333333
Company 78,12,431.0,20.0,3.0,1.0,412.0,30.0,8.934504451938235,0.03333333333333333
Company 79,1,239.0,9.0,0.0,0.0,226.0,7.0,4.990354911054299,0.0
Company 79,2,244.0,8.0,0.0,0.0,226.0,7.0,4.990354911054299,0.0
Company 79,3,246.0,8.0,0.0,0.0,226.0,7.0,4.990354911054299,0.0
Company 79,4,241.0,5.0,0.0,0.0,226.0,7.0,4.990354911054299,0.0
Company 79,5,234.0,12.0,1.0,0.0,226.0,7.0,4.990354911054299,0.0
Company 79,6,222.0,8.0,0.0,0.0,226.0,7.0,4.990354911054299,0.0
Company 79,7,220.0,7.0,0.0,0.0,226.0,7.0,4.990354911054299,0.0
Company 79,8,229.0,7.0,1.0,0.0,226.0,7.0,4.990354911054299,0.0
Company 79,9,224.0,8.0,0.0,0.0,226.0,7.0,4.990354911054299,0.0
Company 79,10,213.0,4.0,0.0,0.0,226.0,7.0,4.990354911054299,0.0
Company 79,11,204.0,6.0,0.0,0.0,226.0,7.0,4.990354911054299,0.0
Company 79,12,194.0,7.0,0.0,0.0,226.0,7.0,4.990354911054299,0.0
Company 80,1,39.0,5.0,2.0,0.0,36.0,3.0,11.041057536025198,0.0
Company 80,2,38.0,6.0,1.0,0.0,36.0,3.0,11.041057536025198,0.0
Company 80,3,37.0,3.0,0.0,0.0,36.0,3.0,11.041057536025198,0.0
Company 80,4,35.0,1.0,0.0,0.0,36.0,3.0,11.041057536025198,0.0
Company 80,5,35.0,2.0,0.0,0.0,36.0,3.0,11.041057536025198,0.0
Company 80,6,36.0,2.0,1.0,0.0,36.0,3.0,11.041057536025198,0.0
Company 80,7,35.0,0.0,0.0,0.0,36.0,3.0,11.041057536025198,0.0
Company 80,8,36.0,2.0,0.0,0.0,36.0,3.0,11.041057536025198,0.0
Company 80,9,35.0,0.0,0.0,0.0,36.0,3.0,11.041057536025198,0.0
Company 80,10,35.0,1.0,0.0,0.0,36.0,3.0,11.041057536025198,0.0
Company 80,11,36.0,6.0,1.0,0.0,36.0,3.0,11.041057536025198,0.0
Company 80,12,36.0,4.0,0.0,0.0,36.0,3.0,11.041057536025198,0.0
Company 81,1,431.0,42.0,0.0,1.0,451.0,39.0,11.165426984668226,0.02564102564102564
Company 81,2,414.0,41.0,0.0,1.0,451.0,39.0,11.165426984668226,0.02564102564102564
Company 81,3,422.0,49.0,1.0,1.0,451.0,39.0,11.165426984668226,0.02564102564102564
Company 81,4,426.0,47.0,2.0,1.0,451.0,39.0,11.165426984668226,0.02564102564102564
Company 81,5,430.0,34.0,0.0,1.0,451.0,39.0,11.165426984668226,0.02564102564102564
Company 81,6,421.0,42.0,0.0,1.0,451.0,39.0,11.165426984668226,0.02564102564102564
Company 81,7,438.0,37.0,1.0,1.0,451.0,39.0,11.165426984668226,0.02564102564102564
Company 81,8,456.0,29.0,0.0,1.0,451.0,39.0,11.165426984668226,0.02564102564102564
Company 81,9,474.0,41.0,1.0,1.0,451.0,39.0,11.165426984668226,0.02564102564102564
Company 81,10,488.0,30.0,0.0,1.0,451.0,39.0,11.165426984668226,0.02564102564102564
Company 81,11,503.0,30.0,2.0,1.0,451.0,39.0,11.165426984668226,0.02564102564102564
Company 81,12,508.0,46.0,2.0,1.0,451.0,39.0,11.165426984668226,0.02564102564102564
Company 82,1,24.0,2.0,0.0,0.0,24.0,2.0,11.254382195175676,0.0
Company 82,2,24.0,4.0,0.0,0.0,24.0,2.0,11.254382195175676,0.0
Company 82,3,24.0,4.0,0.0,0.0,24.0,2.0,11.254382195175676,0.0
Company 82,4,24.0,0.0,0.0,0.0,24.0,2.0,11.254382195175676,0.0
Company 82,5,25.0,1.0,0.0,0.0,24.0,2.0,11.254382195175676,0.0
Company 82,6,24.0,1.0,0.0,0.0,24.0,2.0,11.254382195175676,0.0
Company 82,7,23.0,3.0,0.0,0.0,24.0,2.0,11.254382195175676,0.0
Company 82,8,24.0,1.0,0.0,0.0,24.0,2.0,11.254382195175676,0.0
Company 82,9,24.0,4.0,0.0,0.0,24.0,2.0,11.254382195175676,0.0
Company 82,10,24.0,1.0,0.0,0.0,24.0,2.0,11.254382195175676,0.0
Company 82,11,24.0,7.0,0.0,0.0,24.0,2.0,11.254382195175676,0.0
Company 82,12,24.0,2.0,0.0,0.0,24.0,2.0,11.254382195175676,0.0
Company 83,1,295.0,21.0,2.0,1.0,286.0,16.0,7.477415810705264,0.0625
Company 83,2,283.0,19.0,0.0,1.0,286.0,16.0,7.477415810705264,0.0625
Company 83,3,291.0,20.0,1.0,1.0,286.0,16.0,7.477415810705264,0.0625
Company 83,4,300.0,13.0,1.0,1.0,286.0,16.0,7.477415810705264,0.0625
Company 83,5,285.0,14.0,1.0,1.0,286.0,16.0,7.477415810705264,0.0625
Company 83,6,291.0,14.0,1.0,1.0,286.0,16.0,7.477415810705264,0.0625
Company 83,7,276.0,19.0,1.0,1.0,286.0,16.0,7.477415810705264,0.0625
Company 83,8,279.0,11.0,1.0,1.0,286.0,16.0,7.477415810705264,0.0625
Company 83,9,268.0,11.0,0.0,1.0,286.0,16.0,7.477415810705264,0.0625
Company 83,10,279.0,13.0,0.0,1.0,286.0,16.0,7.477415810705264,0.0625
Company 83,11,287.0,18.0,0.0,1.0,286.0,16.0,7.477415810705264,0.0625
Company 83,12,296.0,20.0,0.0,1.0,286.0,16.0,7.477415810705264,0.0625
Company 84,1,53.0,5.0,0.0,0.0,52.0,4.0,7.223354741911577,0.0
Company 84,2,51.0,5.0,0.0,0.0,52.0,4.0,7.223354741911577,0.0
Company 84,3,51.0,4.0,0.0,0.0,52.0,4.0,7.223354741911577,0.0
Company 84,4,53.0,3.0,0.0,0.0,52.0,4.0,7.223354741911577,0.0
Company 84,5,51.0,6.0,1.0,0.0,52.0,4.0,7.223354741911577,0.0
Company 84,6,49.0,4.0,0.0,0.0,52.0,4.0,7.223354741911577,0.0
Company 84,7,51.0,3.0,0.0,0.0,52.0,4.0,7.223354741911577,0.0
Company 84,8,52.0,2.0,1.0,0.0,52.0,4.0,7.223354741911577,0.0
Company 84,9,51.0,1.0,0.0,0.0,52.0,4.0,7.223354741911577,0.0
Company 84,10,52.0,3.0,0.0,0.0,52.0,4.0,7.223354741911577,0.0
Company 84,11,54.0,6.0,0.0,0.0,52.0,4.0,7.223354741911577,0.0
Company 84,12,53.0,2.0,0.0,0.0,52.0,4.0,7.223354741911577,0.0
Company 85,1,143.0,2.0,0.0,0.0,132.0,3.0,3.3633165046076323,0.0
Company 85,2,144.0,4.0,0.0,0.0,132.0,3.0,3.3633165046076323,0.0
Company 85,3,138.0,3.0,1.0,0.0,132.0,3.0,3.3633165046076323,0.0
Company 85,4,131.0,2.0,0.0,0.0,132.0,3.0,3.3633165046076323,0.0
Company 85,5,132.0,0.0,0.0,0.0,132.0,3.0,3.3633165046076323,0.0
Company 85,6,133.0,4.0,0.0,0.0,132.0,3.0,3.3633165046076323,0.0
Company 85,7,126.0,2.0,0.0,0.0,132.0,3.0,3.3633165046076323,0.0
Company 85,8,127.0,3.0,0.0,0.0,132.0,3.0,3.3633165046076323,0.0
Company 85,9,132.0,2.0,0.0,0.0,132.0,3.0,3.3633165046076323,0.0
Company 85,10,125.0,4.0,0.0,0.0,132.0,3.0,3.3633165046076323,0.0
Company 85,11,129.0,5.0,0.0,0.0,132.0,3.0,3.3633165046076323,0.0
Company 85,12,124.0,3.0,0.0,0.0,132.0,3.0,3.3633165046076323,0.0
Company 86,1,306.0,35.0,1.0,1.0,264.0,26.0,11.018640931231461,0.038461538461538464
Company 86,2,294.0,26.0,1.0,1.0,264.0,26.0,11.018640931231461,0.038461538461538464
Company 86,3,285.0,34.0,2.0,1.0,264.0,26.0,11.018640931231461,0.038461538461538464
Company 86,4,274.0,30.0,0.0,1.0,264.0,26.0,11.018640931231461,0.038461538461538464
Company 86,5,269.0,24.0,1.0,1.0,264.0,26.0,11.018640931231461,0.038461538461538464
Company 86,6,256.0,27.0,0.0,1.0,264.0,26.0,11.018640931231461,0.038461538461538464
Company 86,7,251.0,30.0,1.0,1.0,264.0,26.0,11.018640931231461,0.038461538461538464
Company 86,8,251.0,21.0,0.0,1.0,264.0,26.0,11.018640931231461,0.038461538461538464
Company 86,9,248.0,24.0,2.0,1.0,264.0,26.0,11.018640931231461,0.038461538461538464
Company 86,10,243.0,22.0,1.0,1.0,264.0,26.0,11.018640931231461,0.038461538461538464
Company 86,11,250.0,13.0,1.0,1.0,264.0,26.0,11.018640931231461,0.038461538461538464
Company 86,12,240.0,25.0,0.0,1.0,264.0,26.0,11.018640931231461,0.038461538461538464
Company 87,1,205.0,0.0,0.0,0.0,202.0,0.0,0.0,
Company 87,2,205.0,0.0,0.0,0.0,202.0,0.0,0.0,
Company 87,3,197.0,0.0,0.0,0.0,202.0,0.0,0.0,
Company 87,4,205.0,0.0,0.0,0.0,202.0,0.0,0.0,
Company 87,5,213.0,0.0,0.0,0.0,202.0,0.0,0.0,
Company 87,6,204.0,0.0,0.0,0.0,202.0,0.0,0.0,
Company 87,7,198.0,0.0,0.0,0.0,202.0,0.0,0.0,
Company 87,8,206.0,0.0,0.0,0.0,202.0,0.0,0.0,
Company 87,9,208.0,0.0,0.0,0.0,202.0,0.0,0.0,
Company 87,10,198.0,0.0,0.0,0.0,202.0,0.0,0.0,
Company 87,11,188.0,0.0,0.0,0.0,202.0,0.0,0.0,
Company 87,12,194.0,0.0,0.0,0.0,202.0,0.0,0.0,
Company 88,1,249.0,11.0,0.0,0.0,221.0,11.0,6.436163689083822,0.0
Company 88,2,251.0,12.0,0.0,0.0,221.0,11.0,6.436163689083822,0.0
Company 88,3,238.0,15.0,1.0,0.0,221.0,11.0,6.436163689083822,0.0
Company 88,4,226.0,17.0,0.0,0.0,221.0,11.0,6.436163689083822,0.0
Company 88,5,217.0,16.0,1.0,0.0,221.0,11.0,6.436163689083822,0.0
Company 88,6,217.0,8.0,1.0,0.0,221.0,11.0,6.436163689083822,0.0
Company 88,7,208.0,5.0,0.0,0.0,221.0,11.0,6.436163689083822,0.0
Company 88,8,212.0,9.0,0.0,0.0,221.0,11.0,6.436163689083822,0.0
Company 88,9,210.0,6.0,0.0,0.0,221.0,11.0,6.436163689083822,0.0
Company 88,10,210.0,14.0,1.0,0.0,221.0,11.0,6.436163689083822,0.0
Company 88,11,210.0,7.0,1.0,0.0,221.0,11.0,6.436163689083822,0.0
Company 88,12,202.0,10.0,0.0,0.0,221.0,11.0,6.436163689083822,0.0
Company 89,1,349.0,23.0,0.0,1.0,325.0,18.0,6.640638337205914,0.05555555555555555
Company 89,2,346.0,22.0,1.0,1.0,325.0,18.0,6.640638337205914,0.05555555555555555
Company 89,3,332.0,19.0,0.0,1.0,325.0,18.0,6.640638337205914,0.05555555555555555
Company 89,4,332.0,18.0,1.0,1.0,325.0,18.0,6.640638337205914,0.05555555555555555
Company 89,5,342.0,23.0,1.0,1.0,325.0,18.0,6.640638337205914,0.05555555555555555
Company 89,6,325.0,18.0,0.0,1.0,325.0,18.0,6.640638337205914,0.05555555555555555
Company 89,7,332.0,25.0,1.0,1.0,325.0,18.0,6.640638337205914,0.05555555555555555
Company 89,8,315.0,10.0,1.0,1.0,325.0,18.0,6.640638337205914,0.05555555555555555
Company 89,9,299.0,14.0,0.0,1.0,325.0,18.0,6.640638337205914,0.05555555555555555
Company 89,10,308.0,20.0,1.0,1.0,325.0,18.0,6.640638337205914,0.05555555555555555
Company 89,11,311.0,16.0,1.0,1.0,325.0,18.0,6.640638337205914,0.05555555555555555
Company 89,12,305.0,14.0,1.0,1.0,325.0,18.0,6.640638337205914,0.05555555555555555
Company 90,1,497.0,49.0,1.0,2.0,495.0,44.0,11.424874832376599,0.045454545454545456
Company 90,2,492.0,53.0,2.0,2.0,495.0,44.0,11.424874832376599,0.045454545454545456
Company 90,3,487.0,64.0,2.0,2.0,495.0,44.0,11.424874832376599,0.045454545454545456
Company 90,4,492.0,43.0,2.0,2.0,495.0,44.0,11.424874832376599,0.045454545454545456
Company 90,5,492.0,48.0,3.0,2.0,495.0,44.0,11.424874832376599,0.045454545454545456
Company 90,6,487.0,52.0,1.0,2.0,495.0,44.0,11.424874832376599,0.045454545454545456
Company 90,7,492.0,43.0,1.0,2.0,495.0,44.0,11.424874832376599,0.045454545454545456
Company 90,8,502.0,37.0,1.0,2.0,495.0,44.0,11.424874832376599,0.045454545454545456
Company 90,9,507.0,40.0,1.0,2.0,495.0,44.0,11.424874832376599,0.045454545454545456
Company 90,10,507.0,36.0,2.0,2.0,495.0,44.0,11.424874832376599,0.045454545454545456
Company 90,11,502.0,32.0,1.0,2.0,495.0,44.0,11.424874832376599,0.045454545454545456
Company 90,12,482.0,32.0,1.0,2.0,495.0,44.0,11.424874832376599,0.045454545454545456
Company 91,1,485.0,44.0,1.0,1.0,461.0,28.0,7.9975472855869905,0.03571428571428571
Company 91,2,500.0,28.0,3.0,1.0,461.0,28.0,7.9975472855869905,0.03571428571428571
Company 91,3,475.0,31.0,2.0,1.0,461.0,28.0,7.9975472855869905,0.03571428571428571
Company 91,4,475.0,25.0,2.0,1.0,461.0,28.0,7.9975472855869905,0.03571428571428571
Company 91,5,456.0,38.0,0.0,1.0,461.0,28.0,7.9975472855869905,0.03571428571428571
Company 91,6,465.0,33.0,0.0,1.0,461.0,28.0,7.9975472855869905,0.03571428571428571
Company 91,7,446.0,27.0,0.0,1.0,461.0,28.0,7.9975472855869905,0.03571428571428571
Company 91,8,464.0,25.0,1.0,1.0,461.0,28.0,7.9975472855869905,0.03571428571428571
Company 91,9,459.0,26.0,1.0,1.0,461.0,28.0,7.9975472855869905,0.03571428571428571
Company 91,10,450.0,22.0,2.0,1.0,461.0,28.0,7.9975472855869905,0.03571428571428571
Company 91,11,428.0,20.0,1.0,1.0,461.0,28.0,7.9975472855869905,0.03571428571428571
Company 91,12,432.0,21.0,1.0,1.0,461.0,28.0,7.9975472855869905,0.03571428571428571
Company 92,1,403.0,19.0,0.0,0.0,382.0,15.0,4.142123361050588,0.0
Company 92,2,415.0,17.0,0.0,0.0,382.0,15.0,4.142123361050588,0.0
Company 92,3,394.0,15.0,0.0,0.0,382.0,15.0,4.142123361050588,0.0
Company 92,4,394.0,21.0,0.0,0.0,382.0,15.0,4.142123361050588,0.0
Company 92,5,402.0,17.0,0.0,0.0,382.0,15.0,4.142123361050588,0.0
Company 92,6,382.0,20.0,1.0,0.0,382.0,15.0,4.142123361050588,0.0
Company 92,7,382.0,12.0,1.0,0.0,382.0,15.0,4.142123361050588,0.0
Company 92,8,390.0,21.0,1.0,0.0,382.0,15.0,4.142123361050588,0.0
Company 92,9,370.0,8.0,1.0,0.0,382.0,15.0,4.142123361050588,0.0
Company 92,10,352.0,8.0,0.0,0.0,382.0,15.0,4.142123361050588,0.0
Company 92,11,341.0,5.0,0.0,0.0,382.0,15.0,4.142123361050588,0.0
Company 92,12,355.0,12.0,0.0,0.0,382.0,15.0,4.142123361050588,0.0
Company 93,1,435.0,12.0,0.0,0.0,415.0,7.0,2.292938139357589,0.0
Company 93,2,452.0,8.0,0.0,0.0,415.0,7.0,2.292938139357589,0.0
Company 93,3,438.0,8.0,0.0,0.0,415.0,7.0,2.292938139357589,0.0
Company 93,4,420.0,7.0,0.0,0.0,415.0,7.0,2.292938139357589,0.0
Company 93,5,416.0,4.0,0.0,0.0,415.0,7.0,2.292938139357589,0.0
Company 93,6,404.0,7.0,0.0,0.0,415.0,7.0,2.292938139357589,0.0
Company 93,7,416.0,1.0,0.0,0.0,415.0,7.0,2.292938139357589,0.0
Company 93,8,416.0,7.0,0.0,0.0,415.0,7.0,2.292938139357589,0.0
Company 93,9,404.0,10.0,1.0,0.0,415.0,7.0,2.292938139357589,0.0
Company 93,10,388.0,9.0,0.0,0.0,415.0,7.0,2.292938139357589,0.0
Company 93,11,400.0,3.0,0.0,0.0,415.0,7.0,2.292938139357589,0.0
Company 93,12,388.0,6.0,0.0,0.0,415.0,7.0,2.292938139357589,0.0
Company 94,1,150.0,8.0,1.0,0.0,158.0,6.0,5.083465245653269,0.0
Company 94,2,154.0,7.0,0.0,0.0,158.0,6.0,5.083465245653269,0.0
Company 94,3,159.0,5.0,0.0,0.0,158.0,6.0,5.083465245653269,0.0
Company 94,4,153.0,8.0,0.0,0.0,158.0,6.0,5.083465245653269,0.0
Company 94,5,155.0,7.0,1.0,0.0,158.0,6.0,5.083465245653269,0.0
Company 94,6,153.0,8.0,1.0,0.0,158.0,6.0,5.083465245653269,0.0
Company 94,7,159.0,4.0,0.0,0.0,158.0,6.0,5.083465245653269,0.0
Company 94,8,162.0,4.0,1.0,0.0,158.0,6.0,5.083465245653269,0.0
Company 94,9,165.0,1.0,1.0,0.0,158.0,6.0,5.083465245653269,0.0
Company 94,10,162.0,5.0,0.0,0.0,158.0,6.0,5.083465245653269,0.0
Company 94,11,157.0,5.0,0.0,0.0,158.0,6.0,5.083465245653269,0.0
Company 94,12,163.0,4.0,0.0,0.0,158.0,6.0,5.083465245653269,0.0
Company 95,1,103.0,9.0,0.0,0.0,105.0,7.0,8.426436850478066,0.0
Company 95,2,103.0,9.0,0.0,0.0,105.0,7.0,8.426436850478066,0.0
Company 95,3,103.0,8.0,0.0,0.0,105.0,7.0,8.426436850478066,0.0
Company 95,4,103.0,4.0,0.0,0.0,105.0,7.0,8.426436850478066,0.0
Company 95,5,106.0,3.0,0.0,0.0,105.0,7.0,8.426436850478066,0.0
Company 95,6,103.0,8.0,0.0,0.0,105.0,7.0,8.426436850478066,0.0
Company 95,7,103.0,16.0,1.0,0.0,105.0,7.0,8.426436850478066,0.0
Company 95,8,106.0,6.0,0.0,0.0,105.0,7.0,8.426436850478066,0.0
Company 95,9,104.0,7.0,0.0,0.0,105.0,7.0,8.426436850478066,0.0
Company 95,10,105.0,4.0,0.0,0.0,105.0,7.0,8.426436850478066,0.0
Company 95,11,106.0,8.0,0.0,0.0,105.0,7.0,8.426436850478066,0.0
Company 95,12,110.0,5.0,0.0,0.0,105.0,7.0,8.426436850478066,0.0
Company 96,1,454.0,43.0,2.0,1.0,477.0,33.0,8.220186936087094,0.030303030303030307
Company 96,2,445.0,34.0,2.0,1.0,477.0,33.0,8.220186936087094,0.030303030303030307
Company 96,3,463.0,36.0,3.0,1.0,477.0,33.0,8.220186936087094,0.030303030303030307
Company 96,4,477.0,30.0,1.0,1.0,477.0,33.0,8.220186936087094,0.030303030303030307
Company 96,5,482.0,42.0,1.0,1.0,477.0,33.0,8.220186936087094,0.030303030303030307
Company 96,6,492.0,34.0,1.0,1.0,477.0,33.0,8.220186936087094,0.030303030303030307
Company 96,7,497.0,42.0,1.0,1.0,477.0,33.0,8.220186936087094,0.030303030303030307
Company 96,8,497.0,25.0,0.0,1.0,477.0,33.0,8.220186936087094,0.030303030303030307
Company 96,9,507.0,27.0,2.0,1.0,477.0,33.0,8.220186936087094,0.030303030303030307
Company 96,10,482.0,31.0,1.0,1.0,477.0,33.0,8.220186936087094,0.030303030303030307
Company 96,11,477.0,21.0,0.0,1.0,477.0,33.0,8.220186936087094,0.030303030303030307
Company 96,12,453.0,30.0,1.0,1.0,477.0,33.0,8.220186936087094,0.030303030303030307
Company 97,1,422.0,20.0,0.0,1.0,411.0,20.0,7.20949647971297,0.05
Company 97,2,409.0,23.0,1.0,1.0,411.0,20.0,7.20949647971297,0.05
Company 97,3,409.0,21.0,1.0,1.0,411.0,20.0,7.20949647971297,0.05
Company 97,4,417.0,17.0,0.0,1.0,411.0,20.0,7.20949647971297,0.05
Company 97,5,421.0,20.0,1.0,1.0,411.0,20.0,7.20949647971297,0.05
Company 97,6,434.0,17.0,1.0,1.0,411.0,20.0,7.20949647971297,0.05
Company 97,7,430.0,25.0,1.0,1.0,411.0,20.0,7.20949647971297,0.05
Company 97,8,426.0,20.0,1.0,1.0,411.0,20.0,7.20949647971297,0.05
Company 97,9,405.0,23.0,1.0,1.0,411.0,20.0,7.20949647971297,0.05
Company 97,10,393.0,20.0,0.0,1.0,411.0,20.0,7.20949647971297,0.05
Company 97,11,377.0,14.0,2.0,1.0,411.0,20.0,7.20949647971297,0.05
Company 97,12,388.0,17.0,0.0,1.0,411.0,20.0,7.20949647971297,0.05
Company 98,1,41.0,4.0,0.0,0.0,39.0,2.0,5.262683239589489,0.0
Company 98,2,41.0,3.0,0.0,0.0,39.0,2.0,5.262683239589489,0.0
Company 98,3,43.0,3.0,1.0,0.0,39.0,2.0,5.262683239589489,0.0
Company 98,4,41.0,1.0,0.0,0.0,39.0,2.0,5.262683239589489,0.0
Company 98,5,41.0,6.0,0.0,0.0,39.0,2.0,5.262683239589489,0.0
Company 98,6,41.0,1.0,0.0,0.0,39.0,2.0,5.262683239589489,0.0
Company 98,7,39.0,2.0,0.0,0.0,39.0,2.0,5.262683239589489,0.0
Company 98,8,37.0,0.0,0.0,0.0,39.0,2.0,5.262683239589489,0.0
Company 98,9,36.0,0.0,0.0,0.0,39.0,2.0,5.262683239589489,0.0
Company 98,10,35.0,1.0,0.0,0.0,39.0,2.0,5.262683239589489,0.0
Company 98,11,35.0,0.0,0.0,0.0,39.0,2.0,5.262683239589489,0.0
Company 98,12,36.0,2.0,0.0,0.0,39.0,2.0,5.262683239589489,0.0
Company 99,1,139.0,13.0,0.0,0.0,148.0,10.0,7.159477327603103,0.0
Company 99,2,142.0,20.0,1.0,0.0,148.0,10.0,7.159477327603103,0.0
Company 99,3,146.0,15.0,0.0,0.0,148.0,10.0,7.159477327603103,0.0
Company 99,4,149.0,12.0,1.0,0.0,148.0,10.0,7.159477327603103,0.0
Company 99,5,143.0,11.0,0.0,0.0,148.0,10.0,7.159477327603103,0.0
Company 99,6,147.0,2.0,0.0,0.0,148.0,10.0,7.159477327603103,0.0
Company 99,7,147.0,11.0,0.0,0.0,148.0,10.0,7.159477327603103,0.0
Company 99,8,148.0,11.0,0.0,0.0,148.0,10.0,7.159477327603103,0.0
Company 99,9,152.0,10.0,1.0,0.0,148.0,10.0,7.159477327603103,0.0
Company 99,10,149.0,5.0,0.0,0.0,148.0,10.0,7.159477327603103,0.0
Company 99,11,155.0,7.0,0.0,0.0,148.0,10.0,7.159477327603103,0.0
Company 99,12,158.0,5.0,0.0,0.0,148.0,10.0,7.159477327603103,0.0
